name,age,street,city,state,zip,lng,lat
Tristan Casey,76,46579 Combs Alley Suite 088,Johnberg,Georgia,98208,-127.971894,-43.790382
Bobby Guzman,19,882 Sabrina Lake,South Roger,Ohio,66571,177.175335,38.111078
Christopher Hampton,69,4078 Williams Circles Suite 906,Davidburgh,Vermont,97327,141.769857,70.0575515
Monica Williams,38,794 Thomas Lakes,Mariatown,Louisiana,73413,-2.066067,-64.904795
Peter Stewart,33,6531 Snyder Ridges,New Richard,Minnesota,68705,-75.484848,52.4674955
Samantha Roberts,75,37722 Seth Villages,Port Robertview,West Virginia,02171,71.844898,50.1085745
Daniel Orr,32,548 Snyder Plaza Suite 463,Lake Lindseyview,Rhode Island,57764,66.433631,0.341659
Jeffrey Berry,75,3006 Christopher Course,West Amanda,Missouri,54057,-152.391108,-36.9440685
Paul Pierce,46,50784 Victoria Pike Apt. 823,West Brooke,Oklahoma,01249,168.101994,47.9631345
Hannah Richardson,30,4743 Simpson Summit Suite 212,Grossborough,Virginia,53427,107.051591,-31.915430
Eric Mayo,41,215 Key Extensions,New Meredithport,Missouri,26335,101.563181,-19.464873
Robert Banks,58,31062 Misty Expressway,Clintonton,Vermont,12558,-121.109870,-54.4468855
Dr. John Hoffman,21,5894 Vega Fall,Cervantesland,Mississippi,60035,-103.345192,-51.6823475
Tara Edwards,34,70217 Steven Lights Suite 159,New Adrian,Mississippi,27761,24.675211,-81.7498325
Melinda Gonzalez,36,65234 Chavez Pines Apt. 431,Williamfurt,Louisiana,60564,-101.541583,21.0591115
Donald White,48,1398 Theresa Crossing Apt. 262,New Nicole,Ohio,55954,-125.124230,-30.161712
Joseph Krueger,36,71541 Edwards Centers Apt. 975,Bryantside,Hawaii,01991,-168.738454,52.6548185
Michael Walker PhD,41,5000 Braun Green Suite 608,Amandashire,Vermont,47200,128.183055,-19.7873155
Gabriel Gonzalez,58,90837 Gerald Mountain Suite 682,Erinland,Delaware,05280,-1.784397,2.371060
Jeremy Bird,53,5193 Riddle Green,Lake Rachelmouth,North Carolina,08918,168.435447,-21.6187015
Joseph Kelly,80,15904 Valerie Estates Suite 326,Robertport,Ohio,47880,-133.663897,68.637399
Glenn Wade,54,24163 Colon Port,North Jason,New Jersey,89535,161.432472,60.6883865
Melissa Montgomery,78,236 Collins Springs Apt. 612,Tonybury,Vermont,95052,-26.258102,14.9372405
Richard Jones,34,483 Thompson Islands Suite 589,Ryanland,Indiana,91949,-83.224180,-63.3730945
Janet Hernandez,79,50875 Alvarado Island,Morrisborough,Georgia,14001,5.058035,-12.807793
Kaitlyn Stephens,77,547 Katie Causeway,Port Darrenmouth,North Dakota,09153,-178.509943,-3.1555025
Jennifer Davis,77,1602 Megan Knoll Suite 941,West Tracyport,Oregon,76783,-174.308357,-32.1643415
Justin Blankenship,24,57288 Warren Ville Apt. 169,East Mariobury,Washington,71337,-52.284851,-45.1327615
Alyssa Davis,32,77509 Ayers Route,Combsside,Colorado,28033,118.882744,-27.089079
Lisa Booth,47,7882 Christopher Court Suite 047,Port Leslie,Louisiana,26160,143.214799,-39.6987565
Justin Bean,33,97523 Brianna Alley Suite 088,Bennettstad,Georgia,31558,-97.550019,48.278412
Lauren Watkins,52,521 Jennifer Fields,West Michaela,Vermont,75027,178.675754,59.976108
Suzanne Jones,39,738 Flores Forges,Bishoptown,California,32758,101.486054,72.564860
Timothy Hendrix,61,2617 Eric Mall,Port Richardmouth,Utah,37473,-66.104210,0.1387635
David Frazier,41,98092 Elliott Avenue,South Tonya,Missouri,71686,29.888983,-7.148836
Jennifer Lloyd,36,7626 Turner Rest Apt. 656,Port Michaelborough,Texas,67258,46.052077,55.054579
Angelica Stevens,66,92423 Hernandez Grove Suite 435,Jaclynville,South Carolina,23610,36.520824,21.105344
Eric Young,40,0967 Brenda Trafficway,West Russellberg,Oklahoma,59931,-130.356265,50.7821535
Heather Williams,37,031 Salazar Lodge Suite 382,Wernerville,Tennessee,46140,172.294713,79.771874
Kathy Wolf,73,56832 Parker Villages Apt. 118,Lisaview,Washington,44582,-169.459581,-20.934807
Brendan Smith,26,91080 David Dam,Billyfurt,Florida,71055,64.197854,-65.258626
Richard Ashley,63,638 Hernandez Common Apt. 022,Kimberlychester,Pennsylvania,07062,66.858542,19.4122895
Mrs. Alexis Romero,78,2662 Flores Mountain,East Tony,Minnesota,39330,176.659961,88.648881
Patricia Gallagher,52,6181 Kevin Landing Apt. 097,Emilyport,Georgia,03984,-54.693130,-42.8587575
Jorge Mercer,57,945 Rasmussen Via,Jennyton,New Jersey,27589,34.331562,-33.278051
Lisa Peterson,74,6970 Diane Flats Suite 758,East Natasha,Georgia,43615,-178.273408,87.7468105
Richard Cook,25,457 Samantha Plains Apt. 541,Margaretfort,Alaska,02424,38.592102,-44.3585315
Dawn Hamilton,45,377 Barnett Lock Apt. 906,Bellberg,Ohio,81016,75.700245,83.322843
Morgan Murphy,80,5084 Brown Forest Suite 337,Thomasside,Massachusetts,15345,-99.760696,-8.843095
Calvin Miller,19,9080 Holly Loop,East Carrie,New Jersey,34543,47.379878,10.974409
Robert Maddox,25,5239 Moore Extension Apt. 669,Meredithbury,Michigan,36376,-40.459957,-43.630730
Trevor Mejia,24,33029 Barber Divide Suite 582,Wendyton,Utah,46567,-59.088783,2.8967905
Angelica Mcfarland,68,8099 Rodriguez Streets Suite 988,Darleneport,Wyoming,73179,150.561880,-52.553354
Cynthia Skinner,71,092 Brown Throughway Apt. 222,Gabrielton,Louisiana,65717,108.051892,76.7597805
Kathy Munoz,63,82886 Moreno Loop,Sanchezberg,Rhode Island,99908,-159.268124,-40.461835
Courtney Lindsey,72,04648 Justin Harbors Suite 349,Cherylchester,California,78576,64.435570,-22.001461
Michele Steele,42,02846 Sanchez Inlet Suite 468,East Sylviatown,Texas,93229,-28.003431,-50.2017975
Derek Davis,32,870 Samantha Freeway Apt. 685,New Maria,Pennsylvania,93143,74.068654,36.443802
Michael Mccann,62,345 Gina Fords Apt. 143,North Michael,Mississippi,61626,89.349485,63.549779
Jeremy Sims,70,9665 Margaret Bypass,Lake Donna,South Carolina,88038,30.200986,61.4658135
Robert Nelson,38,8226 Amanda Tunnel,Hollymouth,Indiana,48664,-101.078127,-10.7473655
Pam Key,57,387 Brett Center,Hammondview,West Virginia,16679,-169.204776,81.3278265
Toni Lee,65,68426 Villanueva Dale Suite 795,South Maureenberg,Alabama,65567,125.949159,-0.180131
Joshua Miller,75,808 Walker Junction Apt. 062,Silvashire,Mississippi,24008,75.187009,-30.5894385
Jessica Wright,66,816 Underwood Road Apt. 300,Port Michelleburgh,Rhode Island,41408,-33.934461,60.7665965
Cathy Jones,56,326 Butler Rue Suite 089,West Shaunfort,Colorado,42783,96.748418,78.8123495
Joseph Bridges,19,70799 Brianna Plaza,Hudsonton,Iowa,60203,-149.665873,39.197833
Dylan Ortiz,57,1711 Stephanie Park,Royhaven,Maryland,62620,96.768696,37.149181
Robert Bowman,18,5157 Bailey Shore Apt. 075,Cherylburgh,New Jersey,50899,121.584743,20.510738
Richard Bradshaw,28,0532 Brandon Springs Suite 545,Port Jillview,North Dakota,01573,-5.507692,36.390199
Lindsay Hayes,36,9563 Lorraine Roads Suite 807,Port James,Florida,08989,-86.328656,41.655028
Ryan Welch,56,3628 Michael Estates,South Brittany,Montana,27562,45.137967,-7.8449525
Holly Myers,43,166 Mitchell Court,Jacobborough,West Virginia,02987,70.943236,51.4375465
Donald Andrews,71,04840 Melissa Crossing,South Antonio,Utah,87040,-115.760059,5.438694
Cynthia Foster,43,279 Justin Field Suite 062,Bradleyhaven,Maryland,11602,-91.951379,32.145870
Elizabeth George,22,21728 Joyce Wells Suite 674,East Paigetown,North Carolina,26853,79.564802,78.7241515
Victor Baldwin,42,74730 Gibson Trafficway Suite 447,New Angelatown,California,58071,-23.051606,13.267767
John Davis,79,8026 Brian Lodge Suite 388,Russellmouth,Texas,97023,-14.898161,79.443849
Denise Williams,40,303 Newman Plains Suite 292,Aliciaside,Arkansas,84590,166.509329,-34.8058165
Amber Black,72,0855 Johnson Field,New John,Louisiana,50358,82.554070,49.344609
Janet Coleman,68,002 Justin Ford,North Elizabethland,Missouri,41904,139.898170,-80.262034
Daniel Trujillo,33,9285 Nathaniel Spur Apt. 361,Kleinberg,Missouri,50465,104.755195,4.3860555
Helen Ray,23,107 Simmons Club,Nicolehaven,California,50487,-178.802400,62.2851375
Steven Zamora,25,4741 Joan Street Suite 569,North Rebeccamouth,Iowa,08210,-70.741638,84.8144955
Ann Foster,74,22900 Kline Key Apt. 749,Nelsonfort,South Dakota,49058,64.775802,75.1435895
Debbie Reyes,73,05276 Sophia Wells,East Kimberlyfort,North Carolina,81967,111.297146,47.159650
Valerie Vega,19,0235 Daniel Inlet Apt. 387,South William,California,26502,18.830291,80.6531455
Janet Stein,71,14209 Derek Ridges,Greenland,Vermont,82565,168.646417,70.4202395
John Fowler,31,932 Hawkins Trail Suite 384,New Travis,Tennessee,32757,53.907948,50.372044
Tammie Davila,73,338 George Drive,West Kristenside,Montana,79662,42.675188,-22.1261135
Donna Curtis,28,88275 David Gateway Apt. 890,Riveraborough,Mississippi,38827,163.487872,74.4629285
Adam Ray,36,4034 Martinez Harbors,East Katherineside,Michigan,46281,49.030537,-32.896800
Elizabeth Dean,68,1492 Hudson Falls,West Julieshire,Nevada,45117,24.414408,35.4400125
Larry Stone,54,0120 Kara Shoal Suite 658,Cherylfurt,Iowa,04569,34.883079,12.1751715
Rita Wilson,58,1227 Jones Summit Suite 345,Penaton,Wyoming,26653,112.526109,-54.017187
Paul Martin,66,7566 Steven Ridges,Griffithburgh,Hawaii,68750,-176.276719,8.4365995
Paula Koch,60,740 Katherine Lodge,Whiteberg,Delaware,94125,-149.358000,10.932220
Derek Reynolds,21,776 Donna Bridge Suite 203,Lake Ashleyville,Georgia,56379,105.215798,17.091817
Mathew Garcia,69,778 Bishop Parks Apt. 316,Ramoston,Kansas,45140,91.278231,-73.275666
Samantha Farmer,58,1227 Joseph Courts Apt. 393,North Lawrence,South Dakota,63103,125.614634,21.0326415
Pamela Johnson,26,76476 Brian Haven Apt. 664,Lake Chris,Nevada,37412,-102.294240,56.620942
Stacy Bailey,80,025 Rose Mill Suite 637,Port Nicholas,Rhode Island,29343,-111.925868,62.7268825
Nancy Roy,60,7496 Pruitt Trafficway Suite 960,North Joshua,Wyoming,47956,21.623970,3.490413
Mark Harding,39,72304 Zimmerman Stream,Moniquehaven,Colorado,58280,-145.390191,21.215122
Brandi Ellis,44,7004 Garcia Parkways Apt. 497,New Keith,Georgia,69899,18.772455,-32.3830835
Ashley Lucas,57,98262 Smith Plains,Thomastown,Florida,95771,-51.442204,-29.5168135
Christina Gibson,67,9363 Breanna Landing,New Christopherfort,Rhode Island,08467,127.847791,66.634394
Matthew Garza,65,35328 Leslie Oval,East Darren,Indiana,28156,28.854548,-60.692193
Jessica Jenkins,38,8660 Bobby Shores,New Stacyburgh,South Dakota,49694,-178.227609,-22.118491
Kim Harris,59,9545 Misty Fort,Lake Thomas,North Carolina,44525,136.571242,5.199543
Christopher Clark,75,620 Jerry Flat Suite 879,Davidland,Pennsylvania,81959,117.777175,-49.2833355
Ashley Parsons,38,09316 Thomas Freeway Suite 764,Vegaton,Oklahoma,92233,82.502023,-19.139883
Brian Harris,40,96800 Anderson Lakes,Jenniferhaven,West Virginia,79813,118.061031,41.0010525
Ruben Ross,25,76984 Tracy Mall Apt. 553,Hannahberg,Indiana,50975,-144.861785,16.920869
Jennifer Howe,55,675 Roy Tunnel,Kellyfurt,Minnesota,41385,-22.892186,-14.571582
Ronald Cline,29,00012 Lopez Court,Davidview,Arizona,41637,-35.037972,67.3438655
Christine Williams,52,870 Garrett Plain Suite 633,Port Devonland,Vermont,30683,111.328825,-28.0041925
Jordan Richards,42,305 Boyd Ports,Beckyburgh,Massachusetts,83980,-141.683050,68.8705825
Hannah Guzman,55,339 Cruz Squares Suite 349,North Zachary,Georgia,29244,1.192247,-80.108747
Eileen Jones,41,6348 Jacqueline Village,South Austin,North Dakota,26504,172.000237,-52.1960495
Paul Armstrong,23,10058 Brandi Squares Apt. 916,Rodriguezville,North Dakota,88715,17.831379,-54.867909
Amanda Brown,42,8728 Liu Lodge Suite 025,South Brett,Alabama,97997,-16.248921,-16.686428
Jack Morales,51,790 Carolyn Lock Suite 727,Port Travis,California,74039,-179.828984,-79.3519395
Brian Ford,26,75636 Deborah Mountain Suite 313,West Larrychester,Alaska,59424,46.905581,80.556316
Tyler Brown,27,706 Elizabeth Rapids Suite 951,Sanchezchester,Arkansas,83735,92.325706,56.2786325
Wayne Morton,73,87607 Ronald Views Apt. 406,Mannfort,Michigan,29358,-113.132506,-64.500145
Megan Reyes,32,995 Wilson Well Apt. 649,Cassandraport,Florida,28745,-134.900133,-77.019252
John Green,75,18473 Warren Avenue Apt. 682,Port Jason,Idaho,72041,138.654394,0.592468
Jack Smith,26,1535 Katrina Landing Apt. 191,South Jamesport,Rhode Island,38625,133.770679,35.3301655
Julie Miller,30,1551 Simpson Land,Davidshire,Hawaii,98866,-15.786769,-74.223675
Andrea Martinez,66,71875 Lane Roads,Port Michael,Maryland,92566,-165.046899,-6.360324
John Hampton,78,70489 Smith Springs Suite 161,Richardmouth,Utah,01046,44.029581,-47.092687
John Holloway,76,8898 Price Locks Apt. 007,Mooreview,New Mexico,27040,44.743067,75.867445
Michael Acosta,66,440 Rodriguez Centers Apt. 581,Mistystad,Maryland,99212,109.388303,-48.237786
Mr. Jorge Riggs,33,36095 Jeffery Vista Apt. 189,Lake Dannytown,Texas,27511,47.861865,-10.227498
Michael Cervantes,21,4017 Jessica Dam,New Daniel,Kentucky,68993,-112.593306,88.436521
Shannon Kelly,69,2264 Timothy Views Apt. 707,West Kimchester,Virginia,66068,51.429728,-87.917847
Melissa Gross,63,591 James Mission,Dawnfurt,Arizona,78304,-84.447176,-14.7634345
Jill Brown,18,18704 Jimenez Ferry Apt. 695,North Leviburgh,Mississippi,41008,165.113717,12.375118
John Moore,53,9117 Emily Pass,South Kenneth,Illinois,73440,98.488049,86.6375065
Victoria Tyler,33,5985 Jordan Corners,North Samanthatown,Tennessee,50550,124.704547,40.657778
Terry Small,21,1240 Brett Knolls,Port Brianborough,Pennsylvania,75936,108.655933,-22.237621
Craig Brock,42,018 Stephanie Ports,South Nancyport,Wyoming,10812,98.750618,-48.135046
Christopher Lucero,35,908 Howard Wall,Anneberg,North Carolina,00611,-123.745768,7.2539205
Margaret Hampton,18,923 Lewis Creek Suite 912,Port Justin,Kentucky,82547,-124.528134,80.019171
Garrett Delgado,36,7075 Marvin Island,New Christopherland,Maryland,70621,-104.288709,54.626048
Thomas Haynes,74,276 Kyle Springs,Port Christopherside,New Mexico,31197,10.700558,-2.9560255
Johnathan Guerra DDS,27,43468 Frazier Burg,Myersshire,Alaska,17416,-141.400375,-21.2386055
Bethany Weiss,23,74460 Valerie Turnpike Suite 741,Jeffreyhaven,Florida,29748,-120.015050,-51.960980
Diane Simon,35,156 Reynolds Grove Suite 119,East Isaiahmouth,Massachusetts,74536,-16.362805,-54.7714995
Lauren Irwin,19,80815 Laura Cliff,Timothytown,Alabama,20524,-4.759772,-11.3470125
Donald Mcfarland,80,3764 Howard Point,Torresbury,West Virginia,90119,89.264430,-42.7175195
Sharon Marks,52,2240 Strickland Light,Deniseburgh,Connecticut,21368,-52.892895,-57.7472735
David Trujillo,69,089 Brown Lakes Suite 626,Wrightville,Minnesota,93602,128.536023,79.223051
Kelly West,48,3230 Brown Station Apt. 463,Ashleyborough,California,87787,-0.235438,44.793394
Melissa Underwood,45,253 Adriana Divide,Paigefurt,Idaho,53471,-76.569526,-14.1708615
Patrick Mclaughlin,29,97686 Kramer Greens Suite 218,Calderonfurt,North Carolina,62906,-34.413907,-21.530532
Jonathan Smith,46,519 Lewis Locks Apt. 250,South Carmen,Utah,40000,-143.916710,-35.6507895
Timothy Aguirre,37,3480 Brian Estates,Lake Melissaside,Missouri,75152,-141.914629,-51.1673455
Andrea Collins,33,0069 Webb Fields Apt. 771,Hartberg,Alaska,38087,-76.637784,68.397263
Richard Mcdaniel,32,134 Bradley Oval,Lake Natalie,Iowa,94777,-124.454305,-73.3022475
David Gomez,27,0274 Samantha Courts Apt. 528,Johnsonton,South Dakota,11559,-144.781928,48.997642
Chad Hughes,18,1090 Melissa Courts Suite 833,Herrerafurt,New Hampshire,50412,47.043026,-1.512993
Robert Wilson,72,5193 Maynard Hill Suite 042,Maryside,Missouri,46686,97.610554,73.738896
Lorraine Kim,21,868 Sanchez Groves,Lake Zacharyberg,California,27962,138.495663,42.703202
Brianna Brown,26,7002 Scott Lake Suite 222,Madisonbury,Louisiana,02342,113.884251,-72.625146
Thomas Hopkins,23,250 Mitchell Island Apt. 560,Port Christophertown,Wisconsin,60514,-24.952930,48.906529
Matthew Escobar,27,83661 Skinner Plains,Lake Heatherborough,Massachusetts,74637,179.822405,4.297578
Vickie Russell,51,8650 Paul Summit Suite 843,East Kimberlyshire,Maine,72892,142.685534,78.4443015
Jill Jenkins,67,196 Bass Place,Lake Matthew,Idaho,81076,-15.607187,-80.696833
Susan Hale,30,353 David Meadow Apt. 590,Elizabethfort,Kentucky,91777,61.352837,-42.509062
Allison Fox,44,900 Garrett Orchard Apt. 605,West Heather,Florida,43375,-71.454323,81.0011415
Daniel West,36,63668 Wu Isle Suite 410,East Danny,Washington,09085,-132.295775,-3.3261435
Angel King,53,367 Alejandra Run,Rodriguezchester,New Jersey,84470,175.194610,-41.177539
Luis Gomez,46,05623 Kimberly Cove,West Maryton,Maryland,34561,-123.649334,-41.349552
Charles Griffin,71,256 Natalie Wells Apt. 189,Nicholsshire,Missouri,49606,139.781831,-73.3792365
Edwin Hawkins,65,27184 Mercado Islands Suite 690,Fuentesside,Michigan,98689,-151.070602,-47.688019
Kenneth Bridges,71,482 Perez Valley,West Emilymouth,Tennessee,18138,-10.297623,35.126053
Tonya Stephens,29,4002 Owens Run,Melindafurt,Louisiana,76513,17.196416,-9.538658
Julie Petersen,76,14063 Ayala Hill Suite 923,Lake Shelbyborough,Tennessee,58252,-63.524491,-26.0680285
Robin Peterson,33,770 Ryan Cove Suite 586,Gouldville,Oklahoma,65990,153.847455,-19.3971995
Megan Haynes,28,853 Carter Parks,West Evan,Alabama,91322,42.377313,47.4986755
Danielle Carr,43,225 Yoder Terrace,North Jesse,Mississippi,69899,111.329854,59.5612485
Jared Smith,19,5299 David Islands Apt. 604,West Christophermouth,North Carolina,75297,172.597895,64.955687
Samuel Marsh,75,0356 Reese Spring,Cindymouth,Maryland,77354,-66.207161,35.114356
Brian Conrad,37,37475 Elizabeth Plaza,Palmerfurt,Illinois,12523,117.788080,31.547151
Corey Hill,69,1985 Romero Lodge,Zamoraburgh,Delaware,47029,178.819955,30.425997
Justin Graves,20,00203 Amy Tunnel Apt. 295,South Brian,Nevada,18684,167.920247,60.376873
Marcus Turner,74,77557 Rogers Heights,Juanshire,Oregon,74325,58.499430,-85.221282
Brett Walker,53,87220 Jessica Light Suite 215,North Alexandrashire,Florida,38972,78.575473,-54.0937465
Kristin Reid,52,341 Kaitlyn Glens,Leonville,Oklahoma,81061,-61.584135,-63.3372975
Sherry Sanchez,78,1818 Thomas Garden Suite 230,Lake Katherine,New York,35720,78.177843,55.509940
Lauren Weaver,64,914 Powell Highway,New Jennifer,Oregon,11782,-88.385175,19.4363335
James Williams,55,5968 Jason Cliffs Apt. 420,Melanieland,Florida,23594,150.850058,9.5512275
Michael Dixon,31,34774 Dennis Plains Apt. 346,Sloanborough,New York,91736,131.239717,72.348980
Bradley Stark,27,77016 Matthew Wells,Rowefort,Alabama,28559,-107.848424,-14.4179795
Susan Johnson,75,47996 Boone Haven,Erinbury,Tennessee,63920,55.510586,-80.638888
Ashley Shaw,38,706 Adams Walks Suite 587,Walshburgh,North Carolina,58354,-13.337164,46.165639
Jennifer Young,40,1723 Henderson Expressway Apt. 078,Allenfurt,Wisconsin,60305,19.349791,-71.512564
Betty Mills,41,083 Simpson Parkway,Port Michelle,Wisconsin,50374,82.067789,-29.3102875
Tracey Harrison,49,45961 Lawrence Pine Apt. 926,Lake Codychester,Louisiana,45471,-132.624991,57.6063135
Nicholas Arnold,62,05873 Cindy Junction Apt. 296,Andersonfort,Iowa,24602,-18.214690,13.413068
Aaron Ray,24,749 Joshua Ways Suite 258,Thomasburgh,Illinois,80068,20.420464,66.1577515
Matthew Ashley,28,81082 Jackson Tunnel,West Jeffton,New Jersey,15645,36.332250,-13.032529
Shannon Parker,76,8463 Dustin Islands Apt. 361,Jacquelineland,Maine,30867,24.396400,-57.696567
Nathan Allen,52,83850 Nicole Trail,East Paul,Vermont,86059,-33.289505,53.9232365
Erika Tyler,33,5862 Megan Summit Suite 733,East Arthur,Maine,91761,-4.239431,-54.938500
Elaine Henderson,34,6060 Travis Flats Suite 644,Ashleyside,Missouri,04567,99.032599,-87.720240
Cindy Smith,25,0115 Christopher Fords,Mendezfort,Tennessee,25237,-140.593283,88.8598305
April Williams,75,9879 Paul Island,Adkinschester,Iowa,04521,7.961922,-11.890404
Elizabeth Rice,78,87410 Nicholson Road,Lake Rebecca,Illinois,76325,-132.606838,-79.770748
Maria Lewis,44,074 Stewart Isle Apt. 725,Carterton,Montana,72431,98.546227,-37.633680
Derek Hurst,76,11357 Blackwell Gardens,Faulknermouth,Mississippi,09427,72.796979,3.288786
Shawn Jones,50,35946 Short Expressway Suite 900,South Monicamouth,Connecticut,43098,-174.123464,12.558329
Thomas Jackson,34,34466 Patterson Forks,Mejiaport,Washington,15400,99.686171,74.6398665
Amy Ruiz,44,49458 Copeland Alley,Port April,Colorado,66357,-72.944079,0.8153455
Cynthia Jones,39,303 Hall Park,West Howardstad,Idaho,89465,44.003483,60.682029
Benjamin Murray,52,2029 Jennifer Lodge Suite 101,East Kathryn,New Jersey,95991,94.370601,-58.720449
Kimberly Kim,53,94341 Bryan Rest Apt. 001,Mclaughlinside,North Carolina,15834,-179.421239,-27.6214665
Abigail Koch,65,555 Alicia Vista Suite 518,East Rodney,Maryland,88422,128.388997,16.702772
Katherine Welch,58,2326 Rivera Motorway,Brandonborough,West Virginia,91428,-33.922377,-67.1289765
Elizabeth Gonzalez,44,12021 Patricia Ports,Kempton,Florida,05737,-111.877062,49.3200145
Michael Moore,41,342 Marie Forges Suite 564,Irwinburgh,New York,91115,-176.757303,2.7358975
Jason Sexton,63,893 Sullivan Square Suite 873,Lake Tyler,Tennessee,57951,-56.602396,0.8336535
Courtney Mitchell,40,140 Bell Stravenue,North Collin,Vermont,99433,108.696643,15.6864795
Dawn Guzman,39,946 Shaffer Gateway,New Lori,Mississippi,76078,-95.856008,-13.6010925
Pamela Conner,53,514 Jeremy Track Suite 181,Lindastad,Idaho,04943,5.612484,-5.2332905
Mr. Shannon Khan,23,7676 Ellis Square,Jacksonshire,Idaho,58664,143.163636,17.685313
Jeremiah Gregory,45,46933 Torres Wall,Armstrongview,Wisconsin,56356,-81.597278,26.8111015
Thomas Stephens,56,9122 Christopher Mall Apt. 193,West Melissa,West Virginia,90453,143.295282,77.4371395
Cameron Harrison,45,0465 Henry Mountain Suite 607,Jenkinsside,Arkansas,94385,-160.034601,-81.9458615
Brandy Gomez,66,9367 Bryan Radial,Marshfurt,Nevada,91362,116.225394,79.4493945
Julie Hopkins,78,29457 Christopher Fords Apt. 485,Port Tiffanyhaven,Alabama,85672,-125.722637,64.091263
Gilbert Reed,53,05450 Maurice Corner,Mooremouth,Oklahoma,87265,-179.450124,15.2302345
Richard Hatfield,63,987 Mcdonald Circles Apt. 033,New Jamesberg,Connecticut,84171,-147.765037,12.2570325
Andrew Collier,21,2910 Wells Lock Suite 113,South Lisa,Iowa,48737,62.613856,-20.9000675
Steve Lee,69,01268 Reyes Divide Suite 161,Garciaburgh,Nebraska,40173,-114.567796,-80.263351
Stacy Christensen,66,94670 Harrell Wall,Brendamouth,Hawaii,19351,-113.730833,82.964140
Janet Walker,70,8872 Randall Lights,South Tinamouth,Florida,87627,-23.676480,7.830292
Heather Sutton,68,26182 Watts Land Apt. 608,West Staceyside,Utah,89922,148.139129,-26.5399445
Tiffany Shelton,22,1397 Sanchez Squares,South Amberhaven,Louisiana,93560,80.420920,-0.4229875
David Price,37,78582 Austin Valleys,Lake Victorville,Ohio,79567,87.370708,-53.207565
Billy Salinas,66,13000 Webb Ridge,Port Evelyn,South Carolina,39391,-87.901213,76.7021455
Tracy Clements,46,21859 Melissa Knoll,North Danielshire,Florida,01165,-166.219799,-5.501589
Darin Wright,29,74059 Garcia Spring,Port Amyshire,Indiana,09103,119.480709,-69.4880955
Aaron Herman,27,712 Susan Radial,South Joyhaven,Oklahoma,09975,146.323507,-55.680372
Joshua Patel,57,361 Monica Path,Thompsonmouth,Indiana,77430,19.247347,32.620834
Stephanie Fisher,30,7306 Stephanie Camp,Smithhaven,Colorado,99293,-38.356548,-18.7059895
David Johnson,23,7728 Mason Causeway Suite 917,Lake Kelly,Arizona,72841,-170.949313,-79.1548545
John Stevens,18,974 Tate Glen Apt. 503,Joseside,California,78492,172.323142,48.3349185
Steven York,77,2474 Luis Wells Apt. 032,Lake Elizabeth,Arkansas,29742,-148.328408,-30.808828
Patricia Ashley,62,253 Brian Key,Stacybury,Missouri,65104,17.846456,-5.6705885
Jo Baker,77,116 Rhonda Prairie,North Theresastad,Nebraska,66998,163.949935,-61.9759165
Tina Patterson,32,8726 Randall Highway Suite 797,Fergusonview,New York,66790,43.300888,58.6227365
Timothy Bradley,26,6279 Douglas Parkway,Port Chad,Idaho,49511,-19.207683,37.1617405
Tracey Ryan,69,8859 Barnett Rest,Kellyport,Massachusetts,88748,-37.339960,89.979662
Patricia Villarreal,67,430 Alexandra Falls Suite 134,South Jonathanhaven,New York,22445,48.725301,49.0924435
Adrienne Nunez,31,2203 Clark Ports,Richardberg,South Dakota,20323,13.885466,37.1440915
Michael Meza,53,9296 Carlson Wells Suite 389,New Antonio,Hawaii,62594,-117.981832,-75.949015
Nicole Martinez,37,6321 Smith Mountains Suite 911,Lake Mollyton,Montana,86206,-65.054561,-73.8241035
Diana Vaughn,57,48667 Herrera Row,New Lindseyhaven,Louisiana,36935,-91.783328,-78.4203565
Natalie Garcia,76,2987 Richardson Light Suite 456,East Timothyton,Vermont,44393,81.524344,19.630681
Stephanie Conway,18,6339 Duffy Mountains Suite 905,South Juliechester,Illinois,67910,-27.940997,42.734350
Wesley Chambers,41,8574 Roth Key Suite 324,Carolynhaven,Nebraska,89290,-94.179243,10.712254
Corey Black,65,7200 Christopher Coves,New Richard,Missouri,02139,90.837575,-54.2475355
Jennifer Long,41,4036 Trevor Pines,South Georgefurt,New Hampshire,16883,87.157773,72.3047885
Claudia Harris,67,93459 Reyes Island Suite 747,Jenniferville,Nevada,45584,-3.095342,9.5856655
Erik Gutierrez,30,202 Jerry Brooks,Lake Catherine,Montana,41579,30.285616,16.128670
John Schaefer,19,93892 Shannon Mountain,North Billyfort,Utah,71855,113.729999,46.234801
Jared Thompson,73,51433 Barnett Landing,Carolynville,Vermont,01576,-13.673235,-47.534468
Katherine Saunders,34,781 Mack Fall Suite 901,Kingbury,Nevada,05650,20.462831,77.183136
Deborah Harmon,68,521 Kevin Rapids Apt. 278,East Stevenchester,Massachusetts,39880,-129.156462,40.8181975
Christopher Henderson,30,337 Patricia Harbor Apt. 363,Loriburgh,Nebraska,58500,104.032326,62.0634145
David Mcmahon,62,06672 Brown Freeway Apt. 462,Jessicaville,Minnesota,19312,6.483508,-41.0609375
Adriana Walker,30,247 David Corner,Port Charlesmouth,Idaho,40589,94.988619,-26.044626
Joyce Roach,28,1680 Nicholas Motorway Suite 744,Buckleyview,Louisiana,71128,-143.635668,-55.924834
Tony Roy,71,82754 Mikayla Station,Wesleyville,Wyoming,66736,-148.089140,-42.888935
Lauren Rice,18,5078 Adam Light,New Alexis,Pennsylvania,94723,-118.885795,-54.7279015
Brittany Guzman,48,67080 Torres Station,Beckymouth,California,69807,14.574397,77.438484
Timothy Little,24,3374 Schmidt Plain Apt. 352,Gonzalezmouth,Maryland,69516,24.209986,44.808266
Matthew Smith,24,49701 Joshua Viaduct,Port Kathrynchester,Indiana,16360,57.678579,-49.0694575
Patricia Oliver,78,6347 Melissa Inlet,Morganmouth,Alaska,39055,-8.147118,-55.6336745
Steven Martinez,23,095 Scott Bypass Suite 871,Johnsonberg,Iowa,77108,-26.200806,39.936547
Matthew Schneider,58,214 Howard Loaf Suite 124,North Monica,North Carolina,77272,3.545540,64.5427185
Tracy Hooper,61,694 Michelle Corner Suite 330,New Carol,New Mexico,50151,-90.265481,85.4124385
Kristen Thompson,39,229 Garza Locks,West Williamhaven,South Dakota,54612,72.260861,-35.341111
Juan Hughes,69,360 West Drives Apt. 428,East Lauraville,Tennessee,29312,-112.597359,22.575537
Samantha Smith,45,3953 Lisa Ville Suite 240,West Brandonborough,Alaska,22423,-40.602009,4.990121
Beverly Wheeler,77,20303 Lewis Lodge Apt. 354,Matthewsburgh,Utah,07495,-175.943408,33.5269405
Kathy Villegas,29,2491 Eric Alley Apt. 732,Jenniferview,New Mexico,64536,171.376356,-41.0751265
Raymond Ware,27,487 Gregory Common Suite 072,Port Paul,Connecticut,19664,0.916127,45.469865
Monique Richmond,61,01745 Davis Avenue Apt. 928,South Catherine,Idaho,63549,78.329412,87.1661455
Cynthia Long,58,8238 Hall Squares,Micheleview,Maryland,98558,78.832996,-41.8851635
Kaitlyn Simpson,29,122 Zavala Courts Suite 556,Lake Michaelmouth,New Hampshire,92997,147.824235,20.7425235
Heather Marshall,74,25169 Nicole Port,East John,Oklahoma,95718,-139.000781,52.8239315
Jennifer Jackson,68,44081 Marks Glen,New James,Nevada,97781,-70.071876,-86.512175
Mariah Smith,22,4684 Jason Groves,Stevensstad,Minnesota,26313,147.358455,79.9392135
Michael Lopez,27,81831 Dennis Burgs Apt. 208,Lawrencechester,Alabama,37057,95.500292,34.0829855
Brittany Mitchell,51,220 Mark Parks Suite 518,New Melissaborough,New York,04013,126.152436,16.499633
Andrew Anderson II,52,247 Abigail Plain Suite 296,South Allisonton,Nevada,44251,115.520395,88.6302825
Suzanne Contreras,70,17896 Amanda Wells,Michaelshire,New York,38772,84.883843,-49.755171
Dakota Cummings,66,0871 Paige Village,East Jessica,Massachusetts,24606,-128.645368,44.230449
Terry Hunt,80,36460 Allen Valleys Apt. 344,West Ariana,Kentucky,93344,-85.714318,30.0265645
Stephen Gomez,73,0579 Nicole Trace Suite 280,West Jason,North Carolina,60917,54.706332,-31.4973055
Raymond Castillo,80,5702 David Prairie Suite 470,Smithfort,Iowa,48582,-144.805827,-39.944977
Adam Dean,71,7168 Zuniga Ways Apt. 135,Hillhaven,Oklahoma,49026,-119.175501,82.6678065
Kenneth Solis,40,69438 Hamilton Islands Apt. 565,Brandonbury,Colorado,74986,131.001790,-15.989283
Malik Wilcox,61,681 Tracey Row,Barbaramouth,Oklahoma,80269,-149.418641,-7.636739
David Robinson,34,3305 Scott Inlet Apt. 506,West Shaneberg,Kansas,10534,-129.449002,1.4520615
Julia Austin,77,30384 April Island Suite 748,Port Scott,Oklahoma,12005,-79.055442,39.027720
Joyce Garrett,22,4387 Brown Corners Apt. 953,North Josephville,Kentucky,69740,-105.090123,62.3025185
Denise Taylor,41,10519 Phillips Road Apt. 320,New Nataliebury,Indiana,47697,96.038149,-19.8203365
Shannon Allison,68,238 Mcgee Field,West Carlosshire,South Dakota,75489,-64.353548,48.7031605
Mercedes Thompson,20,2895 Christine Highway Suite 561,Jacksonstad,Arkansas,39161,-78.548483,84.0258665
Jeffrey Russell,57,3368 Philip Place,Port Kellyland,Alabama,15115,122.232004,38.0478185
George Larson,65,6510 Sandra Stravenue Apt. 438,Port Mistyburgh,Michigan,95032,152.319225,-44.052749
Elizabeth Hamilton,36,8503 Romero Cliffs Suite 832,East Andrewland,South Carolina,90791,-92.834741,50.7192205
Todd Johnson,70,629 Barajas Wells Apt. 394,North Stacy,West Virginia,59989,101.518840,-2.1013855
Lucas Vincent,55,5686 Savage Groves Apt. 868,New David,Michigan,88410,177.728817,25.0289045
Tanner Martinez,22,3631 Mckenzie Mill Apt. 727,New Linda,Utah,80380,-89.729480,59.989409
Brian Brooks,71,9695 Jones Shoal,Hubbardtown,Alabama,22642,-36.090825,27.0163845
Elizabeth Willis,59,3617 Brooke Islands Suite 182,Leonardmouth,Oklahoma,09717,146.157481,-2.740868
Katherine Cunningham,73,07860 Adam Parkway,West Rachelborough,Vermont,49732,-123.912319,7.0229245
Traci Garcia,76,432 James Isle,Lake Amber,Montana,17718,147.403705,86.6308585
Michael Smith,39,6146 Sanders Drive Apt. 959,Hamiltonmouth,New York,41717,-167.652925,-28.5586675
Ronald Mitchell,18,003 Robinson Forge Apt. 407,Ryantown,South Carolina,11792,93.235389,47.982485
Robert Salinas,52,67575 Cordova Turnpike,West Ryanland,Idaho,80242,67.469346,58.115312
Justin Case,76,8370 Dawn Shore Apt. 010,West Matthew,West Virginia,76819,-101.317136,46.5761055
John White,46,75671 Rios Ridges Suite 904,Rhondahaven,Virginia,75304,-110.876536,-64.4318265
Michael Jenkins,79,9984 Eric Terrace,New Dorothyshire,Massachusetts,25656,-109.930832,79.9264285
Sandra Jones,23,6934 Patrick Walks,West Adam,Connecticut,89796,148.260294,59.436907
Larry Zamora,36,670 Jason Heights Apt. 756,Port Cheyennemouth,Nevada,95160,-154.158396,54.2985385
Kelly Kelley,46,812 Susan Mountain,Williamston,Maryland,95746,-92.203358,54.7905315
Sara Munoz,34,1361 Stephanie Divide Suite 515,Jamesview,South Dakota,19353,-5.216414,-78.7511865
Nicole Jones,68,393 Franklin Extensions,North Jeanstad,Hawaii,93812,-138.703793,-5.5859235
Mrs. Ashley Price,21,49527 Lara Pine Apt. 427,Stevenhaven,Louisiana,30546,-48.871602,54.729918
Henry Jackson,34,091 Ramsey Loop,Chungside,New York,79152,61.767163,-25.046565
Emily Franklin,20,70187 Jessica Street,East Frank,New Hampshire,69736,-24.400714,-35.516612
Melissa Anderson,50,1785 Riley Glen,Smithmouth,New Jersey,82727,-137.011598,-88.7534535
Jennifer Mueller,22,03144 James Mountains Suite 651,Lake Codytown,Wisconsin,50289,-38.954502,83.654367
David Barnett,58,3194 Daniel Canyon Suite 694,Bowmanhaven,Wisconsin,60935,-74.944465,-11.067439
Felicia Moss,25,2882 Ortiz Ranch,Port Charlesburgh,New Hampshire,01167,110.620453,67.4607225
Natalie May,39,0813 Rivera Drive Apt. 895,Laurahaven,Massachusetts,09455,150.116978,-71.458575
Christopher Murphy,32,909 Wallace Valley Suite 719,Morrisstad,Illinois,02167,66.609544,-49.320518
Katherine Harris,47,932 Thomas Motorway,Cherylton,Virginia,45909,-77.049746,36.825183
Marcus Leblanc,40,99454 Watts Landing Suite 800,South Joshuatown,Minnesota,44264,-63.145951,5.385395
Matthew Dean,70,5646 Melissa Groves Suite 686,Markside,Tennessee,72779,138.705503,-39.587707
Wesley Smith,32,20829 Victor Courts,Port Timothymouth,Florida,32076,60.944346,-15.9509445
Jacob Wilson,71,36559 Sullivan Wells,Jamesside,Tennessee,27624,126.344137,-86.558264
Bryan Barber,61,868 Caroline Prairie Suite 332,East Jeremyshire,South Dakota,11145,51.742683,78.8959615
Michelle Oconnor,30,2714 Kyle Ranch,New David,Massachusetts,34709,-139.259464,-44.0864605
Michelle Vasquez,71,2133 Miller Wall,Bartonmouth,Virginia,45989,63.286710,4.4652375
Henry Johnson,66,304 Alan Tunnel Suite 411,North Andreaton,California,00984,149.363436,33.2884755
Christopher Duarte,60,167 Byrd Bypass,Joannashire,Massachusetts,46392,-8.266623,22.8270095
Timothy Smith,31,764 Gordon Meadow,Port Daisy,Colorado,37155,-134.960447,40.3781565
Yolanda Wells,26,001 Pierce Courts,North John,Connecticut,28231,109.541305,16.374163
Rhonda Haney,55,8260 Angela Isle Apt. 940,New Jennifer,Louisiana,33951,67.863379,76.826800
William Gomez,69,68865 Billy Fords Suite 536,West Scott,North Dakota,37290,106.751253,-70.1053985
Adam Nelson,22,72788 Caldwell Tunnel Apt. 034,North Crystal,Oregon,58373,120.905592,71.3656395
Margaret Chavez,27,097 Woods View,West Patriciaview,Illinois,86576,110.458428,63.150912
Frank Harper,38,600 Benjamin Drives,Tammyville,New Jersey,65960,89.185987,29.726328
Dr. Andrew Conley MD,71,2295 Stevens Ferry,Heidistad,New Mexico,70373,153.218398,59.7014625
Mrs. Rebecca Cantrell,74,4259 Fields Rue Apt. 792,Andrewhaven,Hawaii,62651,-97.740747,57.087692
Kevin Knight,19,980 Amanda Curve Suite 292,Zacharyland,Indiana,17511,-74.335359,89.4699385
Ronald Graham,79,1203 Shannon Curve Apt. 247,North Mary,Alabama,54596,-18.589024,33.701304
Lisa Jones,78,665 Gomez Shore,Melissamouth,Iowa,43382,-64.637735,-10.434763
Danielle Landry,54,452 Louis Course Suite 883,Espinozaburgh,Iowa,98910,129.983881,79.8713805
Rebecca Bailey,56,91946 Katelyn Squares,New Jacob,Nebraska,96244,27.897185,-52.319120
Scott Santiago,29,81412 Susan Forges Suite 596,East Jessicaton,Nevada,96562,-144.367308,5.6805345
Joel Moyer,34,0983 Thomas Ridge,Nicholasberg,North Carolina,43372,83.633689,-83.1262255
Scott Mitchell,49,53629 Craig Estate,Andersonburgh,Arizona,50298,-83.303734,47.705583
Brendan Newman,62,77173 Ray Ports,Port Jeffrey,Mississippi,99503,-67.400952,-51.952063
Michelle Turner,23,94030 Thompson Ports,Timothyborough,New York,72429,-135.353371,-38.3255935
Scott Hill,80,6016 James Walk Apt. 690,Allisonhaven,Idaho,34980,-31.924121,6.4551975
Jimmy Lowe,68,543 Lauren Fort Suite 589,Samanthamouth,Kentucky,24404,14.019227,-43.793618
Linda Mitchell,50,12752 Sean Via Suite 709,South Robert,Utah,47831,51.623950,74.3234775
Brett Price,64,66615 Daniel Road,Lozanochester,New York,05697,-84.274607,88.5636265
Thomas Jenkins,57,298 Susan Street Suite 736,Sharonhaven,Mississippi,99231,138.111860,37.0261205
Lisa Johnson,78,96561 Mary Highway Apt. 607,New Kelly,Wisconsin,85022,165.634092,-22.7554915
John Miller,29,08156 Michael Junctions,Jensenfurt,South Carolina,78594,164.248014,-41.483711
Donald Wright,70,1790 Fisher Court,North Brandonbury,South Carolina,98819,-83.313437,-12.408650
Amy Hale,18,8007 Peter Walk,Christinachester,North Dakota,20569,-175.851726,43.641744
Shane Gutierrez,58,82721 Lisa Prairie,North Josephport,West Virginia,18246,-34.315450,-28.937861
Mary Walker,32,948 Jennifer Spurs Suite 942,Pennystad,Oregon,24218,-5.500209,-51.3426605
Jennifer Reeves,34,2888 Connie Curve,Williamsburgh,Missouri,71473,160.382723,78.351334
Heather Case,21,098 Phillips Brooks Suite 118,Christinashire,Connecticut,78811,4.412550,37.3337785
Jennifer Henson,60,833 Moody Prairie Apt. 647,Aliciahaven,Oklahoma,38378,-168.873678,-65.7536935
David Walters,18,658 Calhoun Mill Suite 323,South Tyler,Wisconsin,45563,-1.708300,-89.818039
Megan Young,33,9084 Vaughan Loaf,Torreschester,Massachusetts,95298,83.460052,-0.938231
Juan Mcclain,25,3499 Turner Mountain Suite 921,Port Christopherborough,Delaware,60518,-105.890503,-6.985249
Heidi Gonzalez,56,4308 Austin Estates,Robinsonport,Pennsylvania,46319,103.531989,34.3423265
Tammy Williams,67,84532 Rodney Village,Debraport,New Hampshire,29839,-82.458533,-21.2208805
David Allen,58,41905 Danielle Meadows Apt. 721,North Amandaburgh,Kansas,85703,81.635374,81.883585
Sean Long,61,068 Sheila Isle Apt. 019,Lake Kyleshire,Wisconsin,88658,-104.912795,86.319410
Gabriel Newton,24,9294 Anderson Trace Apt. 757,Lake Danielle,Utah,47634,-59.015508,-34.4339865
Andrew Hawkins,23,450 Mark Spurs Apt. 657,East Melissa,Vermont,17351,-144.230438,43.214239
Stacy Lee,52,82986 Greene Plaza Apt. 105,Carpentertown,Arizona,30240,-132.104089,-4.4263445
Joshua Robertson,25,2361 George Locks,West Carl,Utah,04627,-100.602425,8.021616
Tonya Cook,49,9785 Stevens Burgs Suite 702,Lake Andreaborough,Illinois,07732,63.600015,-24.0127025
Jennifer Nguyen,22,71706 Perry Spur Suite 188,New Nancyburgh,Arkansas,43293,-96.252483,-72.3699755
Rebecca Olson,57,4599 Angelica Stream,Port Cynthiaton,Maine,21671,49.926346,-84.2082935
Michele Hurst,42,20825 Marcus Corners Apt. 586,Port Denisebury,Texas,00802,80.490542,-62.3156195
Christy Campbell,32,76867 Santos Cove,Gutierrezbury,Utah,17980,-4.301439,-34.687770
Erica Boyer,28,76807 Adrian Corner Apt. 158,Michaelborough,South Dakota,69743,129.668315,-40.8414755
Stephanie Young MD,56,8243 Edwards Well,Jaredtown,Oregon,93219,-45.358944,-13.7128115
Devon Mcconnell,72,30600 Smith Ways Suite 597,New Alexander,Minnesota,77422,-22.005205,-24.049923
Susan Johnson,19,9107 Reed Keys Suite 407,Craigside,New Jersey,59227,88.063034,-36.058989
Melinda Nguyen,70,7622 Taylor Parkway,Lake Stephaniestad,New Jersey,73660,-139.023739,72.1283305
Ronald Herrera III,49,6085 Rachel Meadow Suite 508,Theodoreview,New Mexico,75325,114.425655,51.897843
Donna Cooper,51,83252 Kelly Fork,Laurenbury,South Dakota,21303,-31.225487,24.8987745
Brent Christensen,76,314 Matthew Orchard Suite 091,Nicholasview,Missouri,82306,-98.228157,17.7738215
Robert Vaughn,60,436 Anthony Branch,North Larry,Arkansas,81652,-5.782962,50.0064735
Rodney Smith,19,12780 Shane Cliff Apt. 285,New Georgeton,Georgia,04795,-106.229391,-42.1598325
Donna Osborne,62,906 Ortega Valleys Suite 320,New Michael,Virginia,98477,10.158365,-51.957695
Charles Fernandez,49,1109 Tyler Mountain,Allenland,South Dakota,94156,39.253334,18.0040285
Kimberly Evans,25,984 Monica Park Apt. 910,New Jamesbury,Missouri,06469,126.725772,-64.141903
Joann Sampson,41,1063 James Way Apt. 907,Muellerstad,North Carolina,84244,-47.035452,25.446588
Stephanie Rodriguez,41,21435 Mcconnell Vista,Elaineport,Wisconsin,16919,130.541240,86.5736575
Kyle Santiago,47,446 Michael Manors,Laceyhaven,Indiana,16399,106.498766,63.987961
Justin Palmer,20,632 Maria Freeway Apt. 026,Brandishire,Nebraska,65574,36.741592,-14.615126
Melody George,22,410 Jenkins Square,Nealside,Oklahoma,67948,-51.649140,-42.5658065
James Donaldson,72,82524 Lisa Place,New Davidborough,Delaware,27581,-150.845884,-32.430467
Amy Morgan,24,9782 Susan Dale,Clarkmouth,Wyoming,97989,41.959199,4.4518435
Karen Shah,80,281 Carroll Terrace,North Ginaburgh,Washington,99202,42.901356,-24.167162
Abigail Young,32,50572 Michelle Lodge,Jessicafort,Vermont,06764,151.334983,-86.2956525
Connie Morgan,77,671 Fletcher Course,Archerside,South Carolina,56597,-97.836648,-61.3757345
Christina Adams,51,31063 Charles Spurs Apt. 994,Patrickstad,New Mexico,18085,-24.455427,-12.0162305
Anita Harvey,65,5779 Brown Tunnel Suite 943,West Josephton,West Virginia,34870,-117.039652,-38.0508305
Alan Welch,68,39054 Reed Cove Apt. 630,Rossborough,Mississippi,35842,126.659546,-58.9206235
Sean Estes,44,462 Davis Gardens Suite 892,Port Adam,New Hampshire,66385,113.084623,37.5830425
Chloe Schmidt,34,005 Frye Island Suite 888,Wilsonbury,South Carolina,25642,-77.346342,15.281475
Jeff Green,47,6919 Kramer Curve,South Louis,North Carolina,35909,13.302124,-87.4361645
Ashley Sanchez,57,503 Garcia Land Suite 212,West Alexandra,Wisconsin,45678,71.157994,-66.7035775
Lynn Adams,60,91481 Cooper Corners Apt. 376,Rileyfurt,Arkansas,73788,10.881582,3.8803415
Desiree Bailey,32,1202 Adkins Crescent Apt. 801,Rhondafurt,Washington,96636,16.127901,-4.220340
Chad Simmons,67,4521 Travis Stravenue Apt. 903,Stephenberg,Alabama,69131,-178.772942,-11.8538885
Mary Livingston,27,428 Lisa Viaduct Suite 258,Susanchester,New Mexico,48711,-163.084194,-43.465767
Chris Espinoza,57,74840 Deborah Prairie,East Patrickport,Utah,50429,-166.880230,87.789493
Jennifer Medina,20,993 Ortiz Street,West Williamborough,North Carolina,29696,-116.484842,-2.7559885
Justin Conrad,77,9544 Alicia Roads,Shepardville,New Mexico,09542,3.167964,13.579450
Danielle Larsen,66,919 Yolanda Village,Port Kelly,New York,74844,169.274777,-69.993342
Angela Cain,25,36974 Jessica Parks,East Larryport,New Mexico,18347,142.874158,58.523481
Suzanne Watkins,77,380 Shannon Path Suite 537,North Ashleybury,Washington,66846,137.362990,-44.680784
Evan Murphy,63,7524 Christian Crescent,North Charlottehaven,Kentucky,30947,-177.132161,-72.496889
Debra Carter,22,830 Olivia Squares,Cynthiaberg,Rhode Island,34567,-150.650124,68.8687205
Diane Nichols,56,87876 Carla Trail Suite 724,Murrayfort,North Carolina,35561,178.399939,86.169077
Brent Gonzalez III,79,596 Pearson Meadow Apt. 399,East Breannahaven,Washington,97170,2.203345,68.0490145
Daniel Foley,76,310 Lisa Mall,Arthurshire,California,53050,150.481432,-3.9576635
Julia Newman,19,192 Hebert Brooks Suite 103,Castroborough,Washington,19325,-45.027870,20.2312115
Kristina Dennis,33,3654 Daniel Meadow,West Gerald,Alabama,98357,-135.704566,29.3537445
Kimberly Patel,44,88100 Summer Plains,Victorbury,Hawaii,32250,-152.529615,36.5435925
Joshua White,75,9221 Sean Hills Apt. 433,East Stephenland,Louisiana,18988,59.683961,73.9208545
Elizabeth Martin,26,73864 Diamond Summit Apt. 117,Muellerbury,Texas,01176,142.275326,20.6891835
Sarah Robertson,39,292 Kyle Street Suite 464,South Jeannehaven,Louisiana,73352,-25.941451,-54.9491125
Jessica Davis,37,61066 Hooper Radial Suite 865,South Leahmouth,New Mexico,95841,157.433479,-34.743412
Nathaniel Atkins,73,06351 Clark Highway Apt. 686,Carrilloside,Alaska,50411,105.964256,-55.902248
Tracey Dougherty,32,82996 Krueger Lights Suite 192,Baileymouth,Oregon,34640,148.723606,-16.823689
Peter Wood,24,869 Hughes Courts,Ashleyville,South Carolina,47681,179.820467,54.521031
Daniel Mayer,58,426 Ryan Station Apt. 681,East David,Utah,10189,61.532322,-45.994886
Debra Jackson,55,5904 Espinoza Highway Suite 583,East Jill,New Mexico,18658,-31.654680,72.603170
Audrey Sanders,65,884 Kristina Island,Port Brandiborough,Missouri,28576,-118.530566,-15.949191
Jennifer Ward,32,937 Anderson Neck Suite 153,Kennethland,Missouri,37458,57.583475,0.614713
Mr. David Brown PhD,58,374 Foster Ramp,Espinozaport,New Hampshire,23298,-56.038460,10.806540
John Johnson,38,664 Jose Court,Lake Christopher,North Carolina,42030,31.942412,-2.0315165
Chad Johnson,25,46703 Robert Roads,South Markstad,Connecticut,50781,-28.194754,31.8537825
Carl Washington,44,938 Alicia Keys,Alexanderfort,Washington,64266,-123.417658,-17.3425725
Crystal Ali,47,0633 Sloan Fall Suite 977,Lake Anthonyland,Kentucky,57494,-36.798530,32.4382625
Wayne Howard,80,787 Wilson Mill Apt. 164,East Tiffany,New Mexico,45527,121.479685,-68.936191
Theresa Bates,18,12343 Monique Flats Apt. 760,North Michaelbury,Utah,78355,-156.603293,11.817664
Angela Anderson,19,780 Phillips Ramp,East Rebecca,Virginia,35516,-61.970915,4.010502
Kimberly Cain,77,9964 Whitney Drive Apt. 571,North Lauratown,California,30510,159.432133,29.950675
Susan Flowers,29,998 Duncan Prairie Suite 635,South Richard,Rhode Island,49130,-126.883766,-55.4682435
Paul Morgan,56,7496 Evans Brook,Mcgrathport,Hawaii,25063,-14.365466,-14.734022
Jeremiah Clark,19,54836 Robert Burgs,South Connor,Georgia,60548,69.719759,75.403702
Sherry Young,64,9169 Keith Road Apt. 573,West Maria,New Jersey,70456,-170.489888,0.2611395
Ronald Baldwin,28,840 Rivera Ramp,New Hannahborough,Kansas,23425,39.351664,-87.6684525
Justin Weiss,26,40662 Derrick Light Apt. 752,Robertsmouth,Montana,35026,31.386874,-5.788020
Jill Miller,37,2502 Rodriguez Well Suite 529,Gibsonfurt,Washington,69698,157.622896,-44.8656535
Derek Jarvis,26,009 Angel Center,Michaelberg,Iowa,64830,-77.101023,-79.294070
Laura Reed,46,649 Douglas Ports Apt. 339,North Julie,Wyoming,81335,127.183554,67.145634
Jamie Greer,37,3450 Matthew Ville,Vangbury,Missouri,36555,-74.239664,22.113783
Stephen Valencia,45,9362 Olsen Stream Apt. 537,South Philip,Nebraska,55229,0.689941,73.5828195
Tabitha Garcia,32,021 Ferguson Junctions,Sharpside,South Dakota,67727,-64.576804,-57.0806685
Nancy Banks,18,4904 Erica Forest,Alexanderton,Missouri,33218,158.101264,-35.599202
Kim Sullivan,68,3371 Thompson Shoal Apt. 858,Marshallside,Delaware,58681,-150.578251,-26.0879135
Kayla Green,72,1073 Wilkinson Camp,New Bethborough,Arkansas,97499,-109.157245,-70.7436345
Derek Rivera,28,90537 David Rue Apt. 647,North James,North Carolina,99436,-60.575440,77.7776335
Christopher Ray,30,0621 Ann Crescent,Lake Charles,Nebraska,93493,110.229566,72.304283
Cassidy Terry,53,76894 Jones Unions Apt. 565,Richardview,Washington,11156,-61.031764,-19.449676
Emily Morgan,31,0857 Gill Branch Apt. 481,Mercadoville,Utah,02404,71.186175,85.9215345
Kelly Fry,31,6433 Huffman Stream,New Scottport,Massachusetts,27900,-56.893106,-44.9468775
Kevin Green,50,72544 Meredith Spring Apt. 722,South Frances,Arkansas,71170,-163.559560,27.5067505
Daniel Walker,73,997 Melanie Courts,West Ericaview,Alabama,85066,-107.496463,-16.8536645
Sean Mcguire,35,42068 Phillips Inlet Suite 677,Kelliville,Virginia,46829,-175.438302,21.8249845
Michelle Porter,34,601 Yates Haven Suite 537,East Rachelbury,Utah,86769,136.990264,-0.4598885
Amber Johnson,79,00967 Lisa Tunnel,Linton,North Carolina,11469,-134.651363,-82.955026
Monique Hernandez,30,22226 Rivas Port,Jacksonchester,Oregon,52115,168.061796,52.4357495
Alicia Jenkins,79,0179 Dana Well,East Melissa,Nebraska,23614,150.743409,35.449487
Sandra Brown,61,610 Nicole Knoll,Markburgh,Connecticut,70138,111.880560,-78.447844
Richard Rivera,35,3432 Delgado Walk,Lake Isaac,South Dakota,47155,-16.130403,82.5937225
Sue Allen,25,9030 Hill Ports Apt. 330,Lake Lindamouth,Idaho,97319,-55.680981,-26.274884
Michele King,20,976 Taylor River,South Joshuachester,Maine,98168,93.570013,64.4197925
Doris Williams,43,0013 Gomez Lakes,South Benjamin,New Hampshire,43644,8.912379,12.627046
Fred Lopez,80,91045 Braun Extension,West Williamshire,North Carolina,48998,151.137905,86.520517
Rodney Reyes,28,6361 Andersen Row Apt. 691,South Christopher,South Carolina,94458,-25.304279,-55.2887155
Anthony Miller,71,2621 Shawna Circles,Lake Veronica,Montana,59550,38.125543,46.9482385
Eric Butler,42,3717 Sarah Brook,Michaelstad,New Hampshire,84482,-15.123657,10.995098
Susan Holloway,66,9333 Cervantes Street Suite 354,Port Ricardo,Indiana,63530,-169.784527,61.669631
Samuel Waters,61,714 Joshua Landing,Lake Brian,New York,49254,8.037463,-3.3716385
Cassandra Cline,19,76006 Scott Walks Suite 204,Wrightmouth,Maine,25400,-75.760712,36.699256
Michelle Fowler,78,621 Preston Burgs Apt. 811,West Dillonmouth,New Jersey,75583,20.019625,-46.3196595
Sierra Brown,57,75437 Troy Hills Suite 310,Meredithchester,Pennsylvania,68152,-60.917342,-9.469609
Robin Garcia,79,7161 Chad Mission Apt. 701,Robertsonfurt,Missouri,52037,13.712929,77.6237385
Steven Duncan,45,54597 Hill Bypass Apt. 718,Lindaville,Washington,61524,-170.933155,-46.7097815
Eric Cabrera,60,65754 Smith Shores Apt. 840,East Marthaport,Tennessee,84131,36.161914,-81.1395265
Kathy Zhang,78,0817 Smith Inlet,Courtneymouth,Florida,31815,-131.746282,-8.413149
Mark Thompson,31,370 Keith Harbor Apt. 519,Newmanfort,Alabama,05503,59.418298,23.8034065
Gail Thompson,41,339 Jennings Run Suite 085,Ronaldmouth,Iowa,04942,98.590764,5.925718
Dylan Ortega,19,04893 Morales Crest Apt. 564,West Katherine,Michigan,58376,42.862084,-70.6055435
Peter Smith,21,21382 Jennifer Land,New Bonniefort,Washington,54963,165.913080,-80.5441925
Randall Harper,28,2440 Montgomery Turnpike Suite 740,Perkinsville,Washington,60317,123.922118,72.669900
Paul Lowe,52,944 Michael Manor Apt. 763,South Antonioburgh,South Dakota,40498,109.155491,35.5808645
Sandra Roberts,66,411 Ryan Tunnel,Deborahland,Iowa,66130,-120.024618,72.8788295
Laura Yates,26,66053 James Cliffs Suite 176,East Garrettburgh,New Jersey,56956,-59.935850,6.5340435
Mr. Keith Combs,80,544 Webb Dam Suite 732,New Ericaberg,Tennessee,65439,-170.664327,12.1083795
Benjamin Sellers,77,72799 Madeline Parkways,Richardton,Ohio,30021,-72.158238,-44.306169
Andrew Brooks,23,826 Laura Turnpike,Patriciaport,Alabama,91096,-22.380798,55.7313305
Timothy Martinez,63,3202 Maria Points Suite 928,East Ian,South Carolina,98944,67.346958,6.658426
Bruce Johnson Jr.,31,5941 Holly Villages Apt. 599,New Amandaburgh,Oregon,97787,-15.272510,-37.208953
Collin Mcintosh,30,2323 Theresa Lodge Suite 221,Molinafurt,Nevada,09437,170.002116,62.7908375
Brian Santiago,46,869 Gallagher Key Apt. 837,Matthewville,Connecticut,75928,33.545277,-12.0509435
Morgan Davidson,19,66832 Nathan Pass,Brownfurt,Maine,28509,175.445011,-34.5668585
Veronica Buckley,75,830 Eric Via,South Stevestad,Massachusetts,03405,141.473421,83.9647825
Jason Garner,67,32727 Donaldson Field,Lake Justinport,Colorado,17484,156.724218,-78.779245
Gregory Davis,73,41299 Felicia Square Suite 943,East Dana,Hawaii,90153,121.500614,-44.3306435
Edward Rivera,33,229 Priscilla Springs,Jacobsontown,Virginia,97321,-126.682398,2.765793
Teresa Perez,53,483 Terry Village,Longview,Oregon,10211,17.385224,34.542389
Sydney Russell,62,83860 Garrett Corner Suite 631,South Benjaminborough,New Mexico,55570,-145.530270,81.7673065
Patrick May,65,0241 Melissa Cove,Andrewton,New Mexico,71726,-132.360803,-70.283692
Jeffrey Bell,41,634 Michael Turnpike Apt. 223,North Evanland,Pennsylvania,44176,64.690492,-7.793750
Ashley Barajas,38,900 Townsend Circles Apt. 233,Lake Seanview,Alabama,31027,61.591713,-5.7423655
Cindy Clayton,24,3815 Alfred Mission,West Tamara,Maryland,40863,53.741751,42.0513395
Valerie Davis,53,69749 Cooper Curve Suite 167,West Jessica,Montana,36710,104.207205,-3.4033595
Steven Bartlett,29,27558 Samantha Station,South Jennifer,Illinois,26084,164.976815,52.6010865
Kristin Blackwell,64,23028 Moore Causeway Suite 666,Duncanside,Michigan,95244,50.677108,-3.173512
Stephanie Berger,43,6862 Greg Square Apt. 656,Carterfort,New Hampshire,03851,-87.415678,-85.640158
Catherine Jones,38,9106 Vasquez Valleys,Port Paulside,New Hampshire,38663,109.991733,31.1687645
Sergio Williams,69,40104 Curtis Station Apt. 544,North Jeffreymouth,Montana,96902,135.237873,27.605918
Joseph Bradford,34,6398 Cindy Expressway Apt. 806,Hugheston,Maine,90953,133.564135,-19.8722385
William Hughes,23,94466 Patrick Common,Port Robert,Illinois,59698,-2.139737,59.453830
Paul Taylor,26,2315 Green Courts Apt. 871,Lake Christine,Illinois,77376,44.816537,-9.820717
Donald Jackson,33,75881 Mooney Canyon,Walshchester,West Virginia,06201,-36.656079,-27.7801815
Samantha Hardy,29,89836 Daniels Street Apt. 703,Port Katherinefort,New Hampshire,57743,-68.919053,-77.7527255
Collin Martin,32,749 Reed Loop,Thomasstad,Wisconsin,41077,-62.614423,46.091930
Jennifer Mcguire,73,16310 Jennifer Fords Apt. 120,North Paulstad,Oklahoma,28630,80.060889,-89.0326885
Connie Johnson,58,188 Brown Station Suite 077,Robinport,Virginia,87540,151.207410,-72.8604205
Jill Morris,58,8112 Glover Throughway Suite 968,New Michael,Kansas,37039,151.817292,-64.9884485
Caitlyn Obrien,71,64057 Brown Light Apt. 385,Johnsonland,Michigan,17407,92.442224,-76.432766
Matthew Castillo,35,334 Lisa Well Apt. 063,Port Margaret,North Dakota,08178,137.097900,36.304776
Erica Johnson,50,86568 Megan Ridge Apt. 651,Port Williamborough,Hawaii,59743,-53.910409,88.369538
Chelsea Carroll,80,9167 Debra Creek,Rossstad,Alaska,11151,-159.770669,60.0125675
Jenna Lee,68,51024 Thomas Mount,Carolynhaven,Louisiana,35020,-49.308488,-54.5484835
Mike Sharp,39,312 David Brook Suite 755,Miabury,Rhode Island,90336,-41.124236,-80.042530
Joshua Heath,19,87019 Jones Causeway,Elizabethmouth,North Carolina,54315,163.741859,85.8303225
Kenneth Martin,78,74412 Mcgee Island,Brittanyfort,Texas,81639,18.545920,48.780615
Tyrone Frost,51,8473 Rodriguez Ports Apt. 979,Amandamouth,Vermont,16384,146.939413,-12.5475895
Charles Fisher,20,5277 Brad Via Apt. 945,Seanhaven,North Dakota,19165,-165.053211,-26.488604
Douglas Gutierrez,39,88491 Snyder Underpass Suite 636,Olivershire,Colorado,86042,111.597806,63.162124
Sonya Orr,77,41904 Charlene Alley,Danielshire,Connecticut,27621,146.211684,-41.426681
Michael Rivera,41,18527 Burton Mountains,Maldonadotown,Florida,56561,-122.175310,67.111394
Matthew Jackson,50,3551 Marks Trace,Kellyhaven,Wyoming,31959,45.585638,3.857426
Maria Edwards,56,682 Allison Causeway,Hallton,South Carolina,73963,-136.943782,-23.777310
Michael Houston,22,491 Sherri Drive Suite 452,Castillobury,Texas,05608,115.769087,-30.901825
Susan Riley,35,433 Ashley Loaf,Port Gregory,Connecticut,54406,38.412227,42.315658
Megan Lucas,48,543 Carmen Rue,North Elizabeth,Tennessee,48554,-167.520114,-72.518207
Crystal Snyder,33,859 Thompson Drive,Walkermouth,Vermont,38376,-160.441458,53.1370785
Charles Gutierrez,72,9134 Valencia Glens Apt. 612,Port Sarah,Massachusetts,14388,43.953813,82.301780
Angela Rodriguez,42,1518 Scott Mountains,Parksbury,New Hampshire,61302,17.683525,-43.235426
Ralph Davis,57,9999 Lopez Locks,Ryanmouth,Massachusetts,49922,134.486960,57.914691
Alicia Mcintyre,60,04223 Christopher Plaza,Jakeberg,Rhode Island,01854,-73.835675,51.6171865
Brian Donaldson,34,9129 Garcia Plain Apt. 288,Zimmermanberg,Ohio,72871,108.984480,-62.5953135
Terri Johnson,61,66246 Stephen Crescent Suite 387,Evansport,Pennsylvania,25545,131.721384,37.7345005
Jacob Robinson,26,5165 Benjamin Port Suite 163,Port Jeffreyburgh,Oklahoma,45417,-87.450353,-84.1393445
Charles Morton,49,0154 Wesley Ranch,East Daniel,Alabama,22469,126.853206,59.745733
Kevin Jenkins,49,403 Monica Curve,Denisebury,New York,51664,71.528943,51.8217605
Heather Murphy,20,96983 Rivera Cliffs Apt. 875,New Erintown,Ohio,75039,-113.549788,-40.8862345
Danielle Adams,43,99275 Charles Route,Rickyview,Kentucky,00987,-138.343165,10.8170535
Jacqueline Bowers,53,72432 Payne Lodge Apt. 905,Jonathanhaven,West Virginia,40356,-166.570212,-54.5766145
Kevin Jackson,69,349 Beasley Road Apt. 802,Melissaburgh,Colorado,01963,-176.156262,35.153313
Walter Sullivan,59,8695 Terrance Landing,Port Cynthia,Montana,52397,-3.579327,54.616536
Sarah Wong,45,235 Lori Ranch,South Amandamouth,Oklahoma,09760,-138.383877,-17.733493
Justin Weaver,26,4422 Samuel Point Suite 869,North Michelle,New York,66496,28.130288,-73.4827775
Scott Jackson,79,9895 Michael Spurs Suite 880,Johnnyview,Louisiana,43968,173.347049,51.184921
Donald Sawyer,27,0072 Stephens Pines Apt. 539,Port Karenland,Nebraska,33032,51.967718,3.4571225
Samantha Powell,35,1363 Gregory Forges Suite 535,New Kimberlyside,Ohio,12440,-148.770303,-24.0656155
Erika Love,55,607 Sharp Crest,West Carl,New Mexico,56590,45.020341,-77.3438715
Edward Williams,78,61770 Newton Courts Apt. 684,New Annaport,Florida,28610,-163.844904,-25.3468405
William Fleming,33,79654 Jones Loop,New Ericatown,Minnesota,46275,102.290553,-30.4449595
Paul Taylor,76,745 Anderson Shoal,South Courtneyfurt,Wyoming,51303,-109.696941,9.753371
April Lee,56,908 Angel Crossroad,Smithbury,Missouri,14066,6.779722,86.253497
James Soto,19,4589 Joseph Manor Apt. 598,North Paultown,Indiana,18407,108.579312,48.3945745
David Johnson,24,1743 Rodriguez Curve,Laurafort,Maine,23906,-51.145711,58.928685
Brianna Vega,22,245 James Loaf Apt. 322,West Johnshire,Colorado,41168,177.903791,33.392919
Jason Moon,63,24960 Huber Cove Suite 934,Knappland,New Jersey,62217,-64.028119,48.0442655
Melanie Adams,26,2917 Cox Track Suite 689,Flemingfurt,Pennsylvania,35663,-179.281553,52.1375015
Sarah Williamson,56,28567 Robert Tunnel,Sweeneyshire,Nebraska,55960,18.063380,60.502859
James Jordan,76,6305 Haynes Skyway Apt. 510,Carolyntown,Connecticut,01296,159.797073,20.187207
Jordan Hubbard,80,820 Gibson Ways Apt. 970,Jessicachester,Montana,77815,119.054834,35.8145895
Valerie Jordan,55,113 Gonzalez Groves,Tinaside,Oklahoma,22567,-77.649365,-29.2695345
Jason Smith,23,030 Theresa Valleys,Matthewshire,Indiana,45066,99.238533,25.2274865
Evelyn Murray,63,93292 Tucker Lock,West Wyatt,Nevada,91722,-69.851135,-7.5466875
Mr. Michael Fox,77,304 Hampton Keys,West Michael,North Dakota,47000,-57.302911,-0.2522335
Karen Bennett,43,724 Michael Expressway Apt. 988,Myersfurt,Louisiana,22872,108.025662,84.5808965
Kimberly Bryan,56,13584 Freeman Extension Suite 645,New Zachary,Missouri,75667,129.407600,19.946034
Karen Ponce,53,187 Sherry Estate Suite 368,East Lori,Arizona,92745,162.694700,8.211942
Meghan Yu,39,6281 Bradley Island,North Michael,Kentucky,67657,-36.311438,47.210405
John Chang,67,214 White Wells,Williamhaven,New York,72393,128.601099,52.878050
Cory Taylor,24,73378 Manning Lodge,Josephburgh,Missouri,94241,-119.171276,-37.074996
Victor Jones,31,5487 Bell Mission Suite 469,East Barbara,Idaho,72040,-166.373291,-24.1981895
Christine Matthews,67,441 Cassandra Crossroad Suite 990,Dustinville,Virginia,23381,-66.472649,15.1556625
Jessica Moran,64,40487 Rivera Field Suite 720,New Angela,Montana,41259,177.311905,23.889525
David Austin,24,524 Rodriguez Mountains Suite 199,Danielside,Maryland,18873,-36.222758,-35.333252
Teresa Thomas,50,4604 Hernandez Court,South Stevenshire,Michigan,01479,-147.119530,-8.9572755
Mrs. Elizabeth Le,22,15455 Pamela Keys Suite 521,West Brian,Oklahoma,78774,101.533769,84.604045
Sharon King,60,693 Palmer Cape,West William,Hawaii,39845,120.734860,3.633691
Aaron Allison,22,871 Sharon Vista,Wardport,Maryland,86974,-85.818911,28.476993
Karen Estrada,41,048 Timothy Greens,Amandabury,Kentucky,42644,126.924263,-29.6761765
Cheryl Woods,51,707 Andrews Garden Suite 436,West Micheleshire,Minnesota,26851,96.512744,77.203406
Jaclyn Williamson,52,27044 Sarah Ways,Davidton,Idaho,81471,-110.138619,-76.0902405
Brianna Cohen,23,339 Mitchell Shores Suite 490,West Isaac,Arkansas,11426,-104.465190,-32.0811125
Johnny Williams,62,679 Austin Passage,North Peter,New York,44561,-95.152312,-45.5487465
Scott Morris,76,44858 Garcia Land Suite 964,Anthonyton,Louisiana,95760,107.828487,49.0580885
Randy Garcia,45,4380 Joseph Point,Ruthberg,Nebraska,54407,-145.566418,64.0067265
Jenna Kline,79,239 Brandy Isle,Diazbury,Indiana,11787,24.539046,-81.9079295
Chad Melton,62,9256 Chapman Ville,Bowersstad,California,06255,-142.398315,15.706190
Jonathan King,45,9936 Christopher Well,Lake Cindyhaven,Ohio,51734,-104.439753,-47.5450975
Lori Young,68,18057 Matthews Drive,East Cameron,Oklahoma,17606,-31.317569,-17.1643075
Alison Williams,75,5308 Tiffany Cape,East Glenn,Nebraska,22585,147.696640,27.3930985
Justin Sparks,24,1155 Mayer Lane Apt. 823,New Jessicafurt,Iowa,05237,-153.367171,-83.3913275
Lisa Ray,49,8545 Ashley Ports,Kaylaborough,Alabama,11048,147.882228,-71.2789345
Ashley Cameron,79,6023 Weaver Spur Apt. 586,South Rebecca,North Carolina,23490,-139.461026,-3.470861
Laura Davis,61,844 Tanner Crossing Apt. 963,Marieside,Wisconsin,29658,118.931298,-9.7247505
Crystal Scott,78,53204 Edward Point Apt. 836,West Shirley,Iowa,59538,151.020958,-9.7138875
Cynthia Franklin,51,289 Monica Rapids,Jonesberg,Georgia,02107,131.178327,48.567443
David Fox,80,7749 Turner Rapid Apt. 351,East Wandaland,North Carolina,21760,177.391452,-38.408684
Shannon Hicks,75,4783 Jason Port Apt. 230,Reidland,Arkansas,07017,-55.219306,19.038719
John Mosley,19,37565 Barbara Stream,Shepherdside,Nevada,73183,-156.736214,-71.256057
James Bond,24,385 Joel Isle,Brianfurt,New Jersey,86447,27.674236,18.521510
Dennis Massey,18,683 Allen Springs,Brewertown,West Virginia,50157,-134.487829,60.0628385
Deanna Curry,52,3098 John Ramp Suite 588,Port Alyssa,Kentucky,42274,12.492698,43.2996305
Sara Mccormick,67,88924 Chad Hills,Martinshire,Oregon,34394,93.112196,-42.345883
Kimberly Walton DDS,78,36764 Beck Springs,South Joshuastad,Louisiana,09516,-129.675243,-82.0630315
Paula Williams,69,176 Riley Ridge,Lewisside,South Dakota,73491,-64.815906,-44.3951175
Trevor Rodgers,31,9213 Leslie Landing,New Josephchester,Colorado,09302,93.179924,-73.1798625
Wanda Davies,30,732 Travis Overpass Suite 695,East Michael,Utah,22217,-157.693938,66.887196
Michael Castro,75,7733 Daniel Drive,Rachelstad,New York,50675,-167.039459,50.963629
Shane Smith,20,12831 James Neck Suite 502,East Johnside,New Hampshire,91560,126.508663,-58.716791
Donald Booth,27,69366 Rodney Hills,Jamesbury,Massachusetts,95079,134.600496,-17.3824615
Julie Cox,34,30259 Randall Cove Suite 747,North Bryan,Minnesota,96923,-176.635008,-85.101613
Brittany Barnes,70,0104 Diana Causeway Apt. 980,Davidshire,Arkansas,73668,-169.238588,-81.7773325
Bobby Erickson,27,045 Derek Estates,Tinaburgh,Georgia,41853,-81.441455,-17.266799
Dr. Eduardo Ford DVM,44,4928 Bryant Club,East Kristineview,South Dakota,46258,-177.977173,31.524855
Lisa Hill,47,2637 Denise Flats Suite 701,Baldwinville,New Jersey,84870,137.569675,-78.5324585
Kristi Hutchinson,37,595 Dana Terrace,West Kristen,Arizona,10128,-134.713832,-19.582878
Robin Oneal,80,9903 Tammy Flats Suite 949,Andersonstad,Oregon,93226,-126.596138,-44.904167
Jennifer Lin,50,596 Alex View,Contrerasfort,West Virginia,50725,-11.558693,14.967862
Maria Elliott,80,6771 Jack Lights Suite 936,West Lauraland,Virginia,32537,61.918857,-36.5147485
Doris Thomas,26,166 Lopez Crossroad,Gomezshire,California,92683,160.846465,19.2536935
James Anderson,60,590 Phyllis Burg Apt. 975,North Peggyside,South Dakota,49736,123.949594,37.498388
Kaitlyn Russo,78,5225 Holly Pine Apt. 822,Andreaborough,Hawaii,76399,-110.156805,-16.8786925
Lindsey Pratt,59,440 Carter Loop Apt. 467,Clarkfurt,Rhode Island,74035,120.824773,-41.411730
Donna Crosby,55,280 Cox Parkways,South Franciscohaven,Texas,17343,99.548556,23.327235
Blake Silva,74,032 Greg Stream Suite 752,North Deborah,Utah,75220,-81.151191,-49.380783
Richard Carr,21,409 Norris Stravenue,East James,Montana,26986,71.334085,-54.597789
Joshua Clements,68,20433 David Parks,Nolanmouth,Oklahoma,81301,24.470170,-31.560041
Adam Nelson,53,34082 Martinez Course,East Vincent,California,26130,63.376649,61.522575
Anthony Duncan DVM,24,50539 Brown Junction,Port Amber,California,75271,-57.800526,-50.5715345
Benjamin Kline,24,946 Rose Trafficway Apt. 776,North Robinport,Hawaii,91194,54.819647,49.361634
Loretta King,37,92255 Chan Creek,Port Shelly,Ohio,72387,156.335900,-65.692490
Carol Miller,30,41700 Veronica Causeway Apt. 053,Gayburgh,Louisiana,71903,-28.797151,-47.443837
Yolanda Gardner,44,859 Gibson Square Suite 814,East Terrance,Nevada,58375,79.725546,-5.8720355
Stephanie Ruiz,74,24459 Cook Road,Bellshire,New Mexico,13188,-134.851644,-40.7049455
David Vaughn,23,6364 Jesus Camp Suite 523,Port Nicholas,Alaska,55630,107.669207,-51.424274
Geoffrey Hampton,45,6484 Kayla Underpass Apt. 757,South Mary,Alabama,41930,54.747818,17.961326
Nicholas Ward,69,1851 Rebecca Parks,Rogersberg,Connecticut,22174,95.897249,-14.311948
Scott Mitchell,31,01235 Joshua Courts,Charlesview,Massachusetts,07884,110.819505,53.8306595
John Reese,57,29928 Robbins Corners Suite 452,Jonesstad,Maine,78143,-168.784518,-47.093297
Ashley Mckinney,52,060 Johnson Overpass Apt. 451,East Michelleborough,Minnesota,48331,43.420578,-47.078495
Richard Farrell,25,22540 Weber Coves,South Markmouth,Ohio,89628,-60.041033,-57.843546
Tina Mullins,52,8451 Le Glen Apt. 411,North Rickey,South Dakota,27301,-116.442884,61.924756
Christine Ryan,21,6113 Mckinney Manors Suite 408,Lutzhaven,California,60789,-88.576448,10.6882035
Andrea Miller,31,108 Stewart Lodge Suite 963,New Justinfurt,Vermont,58374,115.880981,-53.3630065
Sandra Fisher,50,55809 Eric Bridge,Wesleyburgh,Delaware,56714,-131.492806,-4.557550
Justin Colon,33,88697 Troy Pines,Currymouth,Arizona,18720,-178.565379,15.5365175
John Reynolds,25,7782 Garcia Key,Davidville,Kansas,00980,-8.875442,28.608919
Amanda Kelly,71,1027 Charles Summit Suite 040,Lake Eric,Maine,36710,-71.722743,67.991095
Cathy Rivera,23,49866 Gonzalez Highway,Brianton,Maine,18592,-3.806809,41.033000
Kelly Garrett,23,986 Anthony Lock Apt. 404,Port Meganville,Mississippi,33136,94.487111,-29.890964
Wanda Lee,78,9282 Arnold Well,Matthewside,Vermont,29682,-179.442798,-52.3558345
Christina Pratt,59,0088 Tasha Neck,Wallerfort,Kansas,42941,-89.538226,-41.873105
Amy Yoder,64,8489 Tabitha Lodge Apt. 398,West Ashleyfort,Louisiana,37170,-94.068656,-76.217211
Cynthia Davidson,29,772 Veronica Circle,Williamshaven,Rhode Island,34667,109.420461,-40.3482135
Wesley Gillespie,37,915 Marshall Point Apt. 748,Hannahburgh,Arizona,65838,124.970518,77.8787735
Lori Marshall,52,0376 Craig Circles,West Angelaville,New Hampshire,90379,-143.367667,-28.310645
David Perkins,43,88462 Rebecca Port,Wardchester,Arizona,24214,-127.411889,-24.7390655
Jerry Yates,50,5610 Edwards Flats Suite 898,Port Stephanie,Wyoming,96178,70.061278,-73.6444645
Toni Brown,42,769 Evans Cliffs,Lake Elizabeth,Oklahoma,80823,31.158376,48.6937795
Carolyn Lee,30,32000 Lane Corners Suite 615,Port Madison,Georgia,91572,47.714175,-60.097419
Adriana Salas,60,14466 Figueroa Via,West Jessica,Missouri,75929,99.501192,10.625257
Susan Mclaughlin,72,30854 Courtney Skyway Apt. 229,Fernandoland,Texas,07422,-171.934066,84.6689955
Amanda Sandoval,33,28188 Andrew Green Suite 370,Karamouth,South Carolina,50232,-138.118439,-44.0559425
Tony Moore,19,11767 Richardson Stravenue Suite 042,Martinmouth,Arizona,82171,-131.277645,17.169154
Angela Rowe,29,855 Chelsea Views,West Penny,Kansas,47605,-177.515373,74.458023
Molly Harrison PhD,38,7087 Patty Crossroad Suite 298,Villanuevaport,Kentucky,57189,108.016662,-63.279497
Amanda Marshall,78,523 Christina Ferry Apt. 971,South Davidton,Kansas,96415,103.142908,87.280455
Kathryn Stewart,46,8652 Amy Stravenue Apt. 234,West Alexa,Virginia,46845,-127.082797,-73.8370545
Eric Hernandez,44,699 Justin Cape,Castroborough,Minnesota,41564,118.118921,-16.9172455
Dr. Amber Daugherty PhD,55,9587 Reilly Meadows Apt. 499,Christopherborough,Oregon,87999,115.559098,13.3148795
Christopher Taylor,76,7806 Rebekah Fall,South Williamhaven,Connecticut,18806,-74.601609,67.2617645
Julie Day,40,576 Dana Drive,East James,Missouri,59144,-129.828351,-2.811919
Paul Perry,73,555 Brian Circles Apt. 094,Glennhaven,Illinois,54877,77.872139,-26.150644
Ashley Hernandez,45,92564 Daniel Greens Suite 419,Taylorchester,Indiana,99182,39.155642,-74.139119
Timothy Lopez,34,6789 Linda Ville,Stevenfort,Oklahoma,54598,-46.549972,-28.199682
Jennifer Williamson,64,12732 Valdez Rapid Suite 530,Andrewfurt,Kansas,73333,89.633058,-72.770968
Mitchell Smith,21,54309 James Circle Suite 408,Robertsville,Montana,04376,155.535924,61.5499595
Marcus Hunt,74,207 Jackson Park,Hayesport,Mississippi,86136,-106.623158,49.6928125
David Golden,51,29999 Wright Course,Port Alyssa,Nevada,64983,-159.241514,28.9702995
Melinda Mccarthy,34,7580 Mckee Garden,West Thomas,Massachusetts,91505,-66.377652,-20.311714
David Thornton,45,6027 Jones Overpass Apt. 558,North Keithport,Kentucky,82694,61.368614,11.5864215
Cristian Travis,29,531 James Turnpike,Lake Tammyview,New Jersey,18536,37.439621,49.1943205
James Franklin,38,724 Jackson Meadow Suite 754,Lake Peter,Maine,62305,15.408114,-71.093285
Cheryl Gardner,74,0889 Kim Manors,Emilyberg,Alabama,18609,172.601828,67.7138865
Darrell Armstrong,41,9939 Palmer Square Apt. 990,Kristinchester,Vermont,37042,-106.555535,-88.680284
Nancy Ward,70,31989 Amber Ports Apt. 600,Randallfort,Delaware,98798,-145.677023,71.6093875
Maureen Bailey,62,132 Martin Ville Suite 893,Myersmouth,Rhode Island,10900,-115.794757,-52.1544425
David Murray,63,740 Thompson Lights Suite 883,Katherineberg,Kansas,78683,-158.667216,78.850352
Kristen Gibson,53,771 Charles Plain,Andreaport,Virginia,15588,-96.304831,11.006259
Melanie Daniels,41,72007 Russell Meadows,Harringtonville,Montana,31472,-105.757808,35.5187485
Richard Wilson,32,1157 Tiffany Springs Suite 969,Millerburgh,Montana,96403,59.934184,-22.1958335
Erik Bates,58,8690 Fitzpatrick Station,Ryanbury,South Carolina,53238,153.206138,-72.5272375
Lacey Gonzalez,18,744 Wiggins Turnpike,Port Maria,Michigan,44437,19.548139,26.041065
Yolanda Moore,48,88427 Linda Falls,Theresaside,Oklahoma,32471,-93.862299,66.725517
Gregory Thomas,50,572 Mitchell Key Apt. 699,Lake Patrick,Idaho,79910,49.037281,-55.833716
Martin Porter,58,3686 Moore Inlet,New Nathaniel,Texas,04289,-47.227466,76.933716
Roger Fuentes,73,57090 Torres Prairie,Sandramouth,Pennsylvania,53342,-170.053208,-57.729481
Jennifer Krause,75,117 Wallace Fall,North Devinshire,Ohio,23331,131.519375,40.813568
Michael Allen,29,5590 Gonzalez Loaf Suite 403,Smithburgh,Tennessee,77993,3.796104,-11.9468685
Ray Turner,39,91441 Erica Tunnel,New Virginia,Colorado,63661,125.404288,8.017001
Angela Riley,72,0920 Thomas Ridge,Lake Kellifort,Arkansas,78460,-104.123274,69.969605
Steven Conley,63,7162 Johnson Ridge,East Angelamouth,Massachusetts,73091,-54.881315,32.819876
Tyler Harper,51,673 Day Stravenue,Barberport,Wisconsin,69362,-7.121217,3.9506305
John Brown,50,9644 Black Ville,Christophermouth,New Jersey,73051,-76.346620,-32.156179
William Doyle DVM,75,2638 Richardson Walks Suite 727,Allenborough,Virginia,92417,102.547606,-60.023196
Robert Ramos,74,069 King Divide Apt. 824,East Rebeccafurt,Vermont,03357,-42.287358,-5.372663
Laura Kline,18,07805 Nicole Plain,East Brendaborough,Missouri,76911,-99.480927,-74.4813295
Carrie Gonzalez,50,37585 Paul Corner Apt. 101,Brownmouth,Wisconsin,06563,64.904877,56.429732
Dana Smith,68,2678 Ashley Skyway,Adamhaven,Virginia,51671,120.756398,57.9312665
Melissa Crawford,29,8238 Julia Motorway,South Alyssaville,Iowa,50243,-55.423404,36.092632
Harry Williams,26,2425 Joshua Loaf Suite 325,West Melissa,Iowa,14249,-1.652688,-53.7127835
Caroline Berry,78,052 Jackson Coves,Laurahaven,Iowa,77049,96.110723,-37.088697
Glenn Olson,74,8731 Baxter Extensions,Chapmanshire,Mississippi,35305,-39.824366,73.5120275
Barbara Ryan,21,35464 Todd Lakes Suite 708,Port Joannamouth,Mississippi,13732,-63.705340,73.7793495
Charles Morales,61,57547 Green Lake,Solomonton,Utah,23369,56.615835,50.1604445
Nicole Golden,30,58366 Jackson Views Apt. 566,Staceymouth,Connecticut,22975,117.949437,-20.607840
Douglas Smith,23,936 Knapp Trail Apt. 598,South George,Washington,90930,60.790070,83.7871535
Catherine Fox,44,2412 Melissa Springs,Port Michaelport,Idaho,80359,-167.700810,44.0713475
Eric Brown,21,5800 Oscar Stravenue Suite 628,Kennedyville,Missouri,68939,-165.226269,-0.648790
Julie Nelson,22,48501 Griffin Rapids,Amyhaven,Connecticut,01562,-109.338619,-82.645339
Lori Brown,78,57908 Berg Parkway Apt. 974,New Alexside,Missouri,64093,-82.568892,-43.9365615
Tasha Brown,47,85234 David Inlet,Saraville,Delaware,61558,19.965378,15.6185375
Sue Graves,28,88139 Olsen Branch Apt. 175,Castilloland,New Mexico,44949,2.518767,-20.944359
Daniel Ramirez,20,5203 Anna Squares,Kelleyberg,Idaho,18865,-122.998395,27.714216
Christine Reeves,52,302 Diaz Ford,West Kathleen,Kansas,87159,-72.824254,-21.9029135
Tammy Boyer,63,341 Lawson Overpass,New Brittany,Louisiana,95513,-115.070219,77.7582795
Brittany Arnold,77,41013 David Shore,Paulberg,New Hampshire,43014,-34.881253,2.5701165
Donna King,53,754 Lewis Turnpike,Bennettstad,Alabama,04923,15.265480,-79.0616255
Nicole Dixon,40,87535 Roberts Islands Suite 112,Briannashire,Wyoming,62979,-69.745616,-62.508353
Amy Castro,51,37188 Gregory Spurs,South Carlos,Alabama,59748,-62.039134,41.8209775
Katie Hamilton,79,50099 Roy Path,Jenniferberg,Connecticut,71635,135.470085,-70.7668455
Gary Warner,79,4445 Kimberly Shores Suite 687,Salazarhaven,Oregon,36152,10.995397,24.7728875
Angela Parker,53,69802 Lee Hills Apt. 708,Williamston,Oregon,35337,135.996175,-49.7197935
Lisa Smith,61,07706 Kim Wells Suite 845,East Alex,Massachusetts,57515,-86.685913,-1.198763
Harry Savage,53,12506 David Club,Port Philipton,North Carolina,29030,10.172769,42.9137925
Keith Garcia,44,6209 Taylor Motorway,Connormouth,Michigan,21815,-19.623786,-59.2913275
Emily Keller,48,43736 Meyer Stravenue,New Lindaland,Arkansas,02019,-148.697813,59.028728
Susan Rodriguez,24,032 Stevens Trafficway Apt. 472,Nolanville,Georgia,10187,-161.377042,-68.7851165
Anne Griffin,61,708 Johnson Hills,Barnesfort,New Jersey,47595,-17.035391,-89.741477
Robin Wood,55,5662 Gallagher Corners Apt. 487,Nicolebury,North Dakota,29147,70.659154,62.3960695
Maria Williams,22,33725 Leah Lane Suite 638,Kylehaven,New Mexico,91584,-146.855126,-25.3374495
Stephanie Anderson,22,1868 Jones Rue,Jamesburgh,Montana,74686,-132.843398,32.901374
Blake Moreno,19,7909 Allen Orchard Suite 100,West Brandyville,Wyoming,58766,38.416026,-51.014282
Robert Stark,59,9901 Roberts Course Suite 967,Crystalchester,Maryland,86768,-7.360586,-0.9066695
Melinda Vaughan,24,27329 Kimberly Street,Saratown,Connecticut,54550,-139.230892,-17.960788
Michael Boyer,48,42361 Erin Throughway Apt. 331,Parkermouth,South Dakota,44452,-121.410314,-58.1634175
Aimee Smith,48,465 Miller Mills,New Mitchell,Michigan,05908,-82.787306,73.590395
Nicholas Arnold,67,0123 Harris Courts,Burnsmouth,Connecticut,04548,-160.897163,-59.6786455
Daniel Graves,45,12442 Benjamin Springs,East Chad,New Jersey,56845,-10.080318,56.965942
Carrie Robinson,80,93398 Kimberly Shores,West Shawn,Minnesota,44814,66.547377,13.3321045
Kenneth Walker,35,115 Johnson Pass Suite 206,North Alanberg,Wisconsin,42808,-69.666432,85.438647
Michelle Michael,41,743 Deborah Valley Apt. 595,Anthonyton,Michigan,38567,175.353477,55.658594
Jesse Schneider,47,100 Diane Mount Apt. 011,Mclaughlinbury,Texas,95446,-89.996964,86.321122
Dawn Parker,70,46660 Gutierrez Freeway,New Ryan,Illinois,93696,-40.499528,-49.2243585
Eileen Frost,49,448 Lacey Landing Apt. 890,West Davidfurt,Delaware,80452,-33.478588,36.106913
Joy Alvarez,28,6622 Andrea Place Suite 515,Ryanstad,Oregon,92612,-120.095785,50.3373765
Tiffany Oconnor,21,50924 Brown Expressway,Johnmouth,Florida,34859,-63.213762,-71.2283245
Mary Barron,51,05915 Reeves Lodge Apt. 943,Jerrytown,California,53500,-64.303901,-0.009718
Edward Knight,33,732 French Avenue,Miguelmouth,Rhode Island,81789,-101.222088,74.996172
Taylor Dennis,22,8583 Anthony Well,Osbornburgh,Arkansas,60114,45.329336,59.952774
Loretta Price,58,320 Nicole Parkways,Bakermouth,Utah,90491,141.795948,-80.956588
Casey Kirk,51,659 Margaret Trafficway Apt. 382,Port Anthonystad,Mississippi,98436,-65.075354,53.117091
Alicia Fletcher,47,7854 Nguyen Lodge,New Tinahaven,Minnesota,34251,52.966690,24.6977925
Kayla Blake,43,009 Shields Centers,Port Michael,Mississippi,79912,-133.230486,82.385409
Joshua Mccoy,23,40435 Gomez Common,New Amandaville,Alaska,50328,-157.603459,81.237064
Nicole Miller,50,00924 Roberts Fords,Jacobsbury,Oklahoma,90878,-94.120660,87.124540
Bradley Cooper,44,257 Taylor Prairie,East Gordon,Missouri,06987,142.725876,28.4798335
Jose Frederick,43,1975 Maria Manor,Port Marybury,West Virginia,51584,-150.270454,1.959041
Steven Weber,19,3880 Morris Island,Port Brett,West Virginia,65995,141.983060,-44.685702
David Torres,44,627 Karen Summit Apt. 057,Cindybury,Idaho,88440,-38.745316,2.4007415
Jennifer Clark,74,0057 Roger Mountain Apt. 874,New Amberbury,Ohio,82742,-18.338743,-22.985924
Amanda Yu,36,002 Brittany Hills,West Ashleytown,Rhode Island,40982,21.579981,47.5161805
Jonathan Coleman,21,907 Daniel Branch Apt. 475,East Ryan,Connecticut,42392,46.417771,-32.3043905
Patrick Williams,38,9115 John Isle Suite 321,Brittanyberg,Rhode Island,86959,166.128021,8.598233
Anthony Smith,63,62560 Michele River Apt. 288,East Taylorchester,Illinois,24830,-136.208292,34.045601
Kathy Morris,76,21329 Chan Trafficway,Cassidybury,South Carolina,92223,-91.239590,83.2771135
Maria Simpson,50,191 Laurie Alley,Lake Michaelfurt,Kentucky,29680,-128.429693,-38.0903995
Cory Young,23,2274 Hansen Mill Apt. 692,Port Ann,Montana,28978,54.619056,34.5283725
Kimberly Reyes,75,58745 Paul Forest,North Dennis,Utah,61081,-171.332810,-10.0756195
Kenneth Humphrey,66,765 Alexander Hills Suite 450,Sydneyfurt,West Virginia,06308,-176.219748,-10.5805175
Julia Haas,76,586 Robert Manor,West Timothy,West Virginia,95484,44.391595,69.8997475
Karen Allen,54,804 Schultz Underpass,East Melissaville,Virginia,15697,32.657945,-4.7576635
Ryan Hampton,53,96668 Shirley Stream Apt. 186,Diazhaven,West Virginia,88899,-60.064027,75.349305
Lori Reilly,44,2705 Alvarado Tunnel Suite 093,New Sherri,Arizona,95146,-62.969588,-65.4041295
Tara Macias,76,17787 Richards Plain Apt. 512,Johnsonview,Wisconsin,89522,118.525319,23.3987395
Bradley Garrison,59,25570 Oconnell Glens Suite 237,Stephaniemouth,Oklahoma,41112,-96.638107,-50.821777
Amanda Vance,28,05381 Paul Falls,Carterberg,Hawaii,20215,150.494268,-15.2705435
Jacqueline Carson,64,24900 Laura Gateway,Jamesburgh,Washington,84431,139.283669,-72.578499
Dawn Baldwin,33,2565 Sean Courts,Nicholasland,Illinois,33656,94.316973,-3.7477675
Louis Sanchez,48,89367 Hudson Wells Suite 354,Myersbury,Texas,41983,151.361069,-72.5260075
Amanda Kelly,60,05947 Jonathan Mountain,Andrewchester,Washington,89318,34.672610,-71.726110
Courtney Thompson,40,264 Estes Lodge Suite 662,Anaside,Michigan,05406,-174.718949,52.842204
Lindsey Owens,66,5707 Jesse Plaza,North Sylviabury,New Hampshire,67175,-30.665644,-67.639947
Andrew Harvey,41,1019 Mueller Pine,Coopertown,Delaware,18945,61.920899,5.391548
Jeffrey Robinson,50,873 Orozco Views Suite 233,East Amanda,Florida,94414,-97.729766,-50.736833
Elizabeth Howell,38,949 Frederick Shoals Apt. 056,East Tracy,Washington,45621,-147.780039,-58.370899
Brandon Holden,68,99864 Reed Fall Suite 393,Melissaport,Maine,98600,31.826489,18.6637385
Michael Moore,63,076 Keith Crest,Medinashire,Montana,37367,-159.504808,-13.2620065
Jessica Lee,48,67139 Ray Unions Apt. 430,Lake Brentfurt,South Dakota,56790,4.934280,41.3885865
Michelle Robertson,68,491 Robert Corner,South Stephanieview,Georgia,58915,25.248732,-73.182097
Rebecca Smith,78,19422 William View,Lamberg,Texas,21106,158.746594,43.6278545
Molly White,37,4105 Jill Lodge Apt. 373,Port Mariamouth,New York,06615,82.277792,-14.466940
Adam Duke,49,39072 Hart Plaza,South Richard,New Hampshire,34149,-46.717810,49.675758
Matthew Cohen Jr.,78,98966 Tiffany Shoal,Port Susan,Idaho,33811,129.740088,79.658269
Jessica Buchanan,55,770 Sabrina Mill Apt. 353,South Jeffreyview,Mississippi,60675,-66.927521,-17.704392
Brianna Garcia,76,073 Jennifer Coves Suite 355,Lake Julie,Iowa,37423,-170.682163,-81.178098
John Hoffman,44,78070 Peterson Shore,Port Gregoryberg,Iowa,67188,-140.116231,88.0063725
Nicole Mejia,28,2263 Ferguson Cliff,Blakeville,South Carolina,30906,-130.684216,1.621220
Anthony Simpson,62,4653 Nancy Bypass,Emilymouth,Alabama,92984,-132.450658,-5.980728
Jacob Huerta DDS,73,8871 Laura Summit,North Tina,Tennessee,59186,44.621979,50.2817475
Collin Ferrell,72,29947 Lindsey Forges,East Jared,Maine,93545,-139.588827,-36.869448
Steven Baker,67,6686 Fernandez Cape Suite 778,New Heather,Arizona,07199,-63.833873,-86.024663
Dana Walters,63,68981 Nicholas Streets,North Raymond,New Jersey,42286,172.493914,-20.905526
Larry Krueger,26,88259 Zachary Mission,Tylerborough,Kentucky,68079,-3.564727,-8.551538
Calvin Reese,24,445 Bailey Place,New Stephanie,Illinois,41601,-82.066634,-14.378195
Andrew Whitney,80,89319 Williams Shore,Port Brenda,Louisiana,13312,-46.949860,43.814339
Vanessa Elliott,59,9611 Emily Expressway,Chavezside,Wyoming,73145,-8.891058,81.048853
Harold Phillips,50,4176 Singleton Mill Suite 480,Allisonchester,Connecticut,37969,28.037211,23.118234
Amanda Boone,45,32089 Alexander Way Apt. 389,Sandersville,Virginia,85388,174.026575,5.5634045
Carla Russell,41,306 Huang Courts Apt. 239,North Samuelport,Alaska,59493,-110.248352,-65.364427
Gabriel Mckinney,54,04993 Thomas Roads,Lindseyberg,Iowa,67103,24.443004,51.067824
James Williams,62,88871 James Summit,New Abigailburgh,Maryland,63070,2.837121,20.8538225
Nicole Meyer,34,9466 Miller Brook,Veronicaview,Indiana,77690,73.824413,-10.481973
Patrick Ritter,54,033 Shannon Junctions Apt. 340,New Stephanie,Minnesota,76030,-120.694214,-55.271745
Mary Campbell,63,28261 Jose Cliff Suite 675,South Catherine,Michigan,95492,89.604821,63.686903
Ryan Thompson,40,2074 Amanda Centers Apt. 160,Nunezberg,Louisiana,88773,109.005759,-2.4935295
Bobby Williams,28,893 Connor Lake,Huynhstad,Wyoming,34626,77.005556,-69.391290
Kevin Heath,24,2592 Mark Vista Suite 762,Kellyland,Arkansas,13091,-14.474213,-43.0494505
Paul Cantrell,64,121 Hernandez Mews Suite 857,Port Karenview,Nevada,27287,54.889239,9.608629
Nicole Nielsen,57,013 Williams Cliffs Suite 601,Port Angelica,Vermont,29950,167.326847,-68.459026
Michael Gonzalez,59,338 Smith Courts,Sweeneyview,Nebraska,52398,24.824428,36.618826
John Turner,50,6183 Randolph Tunnel Suite 138,Rogersfurt,West Virginia,72295,-32.562515,-5.578618
Nicholas Benitez,27,593 Flores Dam Suite 186,New Rachel,Georgia,27025,-19.103893,-23.790098
Kathryn Dodson,64,4675 Crawford Turnpike Apt. 215,Brownstad,New Mexico,26916,-157.940417,-39.820939
Catherine Porter,52,003 Austin Alley Suite 214,Martinfurt,Pennsylvania,43079,-134.858939,31.283893
Denise Black,26,06967 Alvarez Walks Apt. 367,South Bryan,California,01284,66.968562,-15.3201085
Manuel Leonard II,52,37886 Franklin Way,West Darrell,New Mexico,55703,-73.727267,-34.395058
Mary Flores,40,112 Elizabeth Stream,Amandaport,Massachusetts,25856,-173.280271,10.4076185
Cassandra Singh,80,0741 Navarro Rue,Kimberlychester,Rhode Island,84555,-96.803464,76.752153
Jason Ayers,32,656 Hall Crossing,Veronicaland,Massachusetts,72926,113.070135,-86.6053855
Blake Jensen,55,28086 Keith Creek Apt. 050,Murphyhaven,Nevada,17589,17.263883,-34.4116665
Steven Brown DVM,19,81355 Kristina Lodge Apt. 489,West Josephfurt,Montana,95524,163.187936,-62.2477255
Courtney Buchanan,65,5714 Deanna Gardens Suite 351,West Kathryn,Wisconsin,94288,104.833286,53.2739825
Mark Williams,62,5300 Meghan Lights,New Jasonmouth,Rhode Island,52698,169.110745,38.436736
Joshua Boyd,59,033 Daniel Way Apt. 044,New Jamestown,California,82476,52.379448,-51.0835105
Cheryl Reyes,66,22442 Ryan Orchard Apt. 282,Dillonstad,Arizona,75051,-164.073536,24.166522
Patrick Ford,75,07924 Michael Point,New Connortown,Indiana,56987,-65.562894,-6.762477
Robert Hammond,62,463 Yates Loaf,Brownland,South Dakota,83433,-32.358733,-12.8099155
Madison Erickson,25,01290 Pamela Mews Suite 955,East Joseph,Utah,32697,-110.003232,-54.2141605
Brianna Bennett,72,513 Cruz Road,North Jenniferview,New Hampshire,21532,-40.712849,-54.2779065
Aaron Cruz,34,23662 Salazar Stream Apt. 851,Richardfort,Vermont,95195,176.769193,8.355857
Tara Bell,55,238 Carter Branch,Smithmouth,Vermont,45213,146.732064,16.3534365
Kelly Mills,57,42355 Diana Crossroad Apt. 831,North Crystal,Mississippi,32503,-107.974379,76.011620
Crystal Fletcher,44,11537 Meyer Villages Apt. 723,Barnettborough,Georgia,89022,-142.881590,-36.926873
Christopher Pennington,49,742 Molina Shoals Suite 154,Webbview,Indiana,63562,-170.657612,-47.0052005
Miss Gina Lopez,64,7701 Kathryn Freeway,East Jeffrey,South Dakota,87334,-147.290442,-51.5000615
Gary Warren,47,6696 Ryan Road Apt. 414,East Jacquelinefort,Washington,97131,112.244002,-24.991926
Dorothy Quinn,51,0225 Horne Turnpike,Josephside,New Mexico,09519,93.364136,14.074326
Jennifer Chapman,56,652 Melissa Pass,Taylorview,Iowa,43714,168.148842,0.688510
Nicole Romero,51,247 Munoz Prairie,South Ericfort,Minnesota,77555,146.192004,67.800449
Lisa Sanchez,33,38433 Collins Drive,North Richard,Vermont,68538,-17.920010,-87.6538205
Amber Aguirre,75,9957 Donald Freeway,Robertbury,Delaware,34310,-98.731195,87.223721
Karen Kaiser,63,13230 Jessica Club Apt. 533,Kristinview,North Dakota,01994,116.472998,-34.3689665
Mary Holt,29,29925 Boyd Pine,North Colinburgh,Maine,41769,-43.244880,-53.020912
Steven Benjamin,26,213 Mariah Meadow Apt. 644,New Mariahstad,Washington,87417,-92.445052,22.8184455
Patricia Thomas,25,2433 Clark Harbor Suite 999,Benjaminburgh,Missouri,71928,164.635652,26.1609065
Billy Macdonald,46,43515 Phillips Green,West Spencerburgh,Nevada,83753,23.911871,55.8629475
Justin Woods,20,631 Robert Island,North Davidbury,Wyoming,03431,-114.571252,6.0951825
Lawrence Wright,80,4069 Christina Valley Apt. 268,Burnsborough,New York,19071,5.307289,-78.5729775
Rhonda Cline,61,583 Clarke Prairie Apt. 111,New Jaclynshire,Illinois,37660,127.538277,86.0563605
Christopher Morales,44,91829 Kirby Canyon,Marshallside,Montana,74783,153.392488,8.8903115
David Holt,20,652 Smith Stream Suite 450,Port Joseph,New Mexico,25008,-22.437866,-2.589196
Susan Stephens,29,630 Caldwell Parkways Suite 079,East James,Utah,85586,-159.176459,-11.8717915
James Frank,33,1322 Morris Mountain,Port Kelly,Michigan,75840,168.810177,26.9825735
Kristin Arnold,68,3338 Pratt Summit Apt. 627,South Davidchester,Virginia,56666,-22.067361,-72.3402155
Julia Walker,35,2525 Daniel Mountain,Shermanview,Alabama,27358,112.711903,-15.695254
Jeremy Bates,67,72131 Taylor Garden Apt. 756,South Cassandrafurt,Maryland,76552,-157.216320,-49.326015
Krystal Cuevas,45,034 Vasquez Road Suite 166,Roseborough,Connecticut,14541,22.981453,69.7450495
Donald Allen,63,31374 Melissa Flat,Port Kristen,New Mexico,05809,-116.933924,-16.629848
David Strickland,63,41943 Larson Wall,Bridgeschester,New York,36201,-78.932878,-5.4456605
Robert Stephens,29,7798 Collins Corners Apt. 032,Robertmouth,Washington,47453,53.112659,63.653236
Edward Davis,27,441 Ryan Street Apt. 416,Scottland,Arkansas,01906,-26.243103,58.6105865
Rhonda Griffin,23,73812 Green Mall,North Charlesport,South Dakota,85383,-40.986801,-56.467777
Lynn Wallace,34,08585 Hannah Fields Apt. 101,Williamsonchester,Florida,21944,32.639456,-27.8870315
Jose Osborne,80,58476 Kayla Inlet Apt. 638,West Hollyville,Arizona,96960,45.784395,1.339627
Shirley Rogers,25,734 Misty Shore Suite 877,Mortonbury,South Carolina,38943,132.251236,21.9697815
Stephanie Burns,70,130 John Unions Apt. 854,West Christymouth,Washington,09520,143.618840,3.053233
Brittany Smith,41,6269 Morse Street Suite 547,Port Anthony,Texas,17207,12.324996,-9.136605
Joyce Novak,78,721 Brianna Via,East Kristinaborough,Rhode Island,61816,12.849302,31.9550295
Lauren Dixon,39,48953 Laura Hill,Kellyville,Kansas,95690,-176.754687,43.1180915
Judy Fowler MD,22,883 Garcia Squares Suite 327,Morenoville,Washington,16883,-126.165210,-12.0744445
Jason Adams,30,0196 Hill Dam,Port Katrina,Oklahoma,61962,-125.031460,82.1066355
Ronald Brown,64,056 Ashley Valleys,Scottmouth,New Jersey,24409,1.801042,48.384272
Darryl Conway,50,0254 Fletcher Drive,Port Josephshire,Idaho,74280,28.860217,47.1983305
Nicole Medina,63,7270 Paula Points,Hernandezmouth,Utah,50405,-29.590653,-69.796150
Joseph Santiago,48,82877 Amy Inlet,New Stacy,Rhode Island,36157,-97.655213,13.8965125
Sarah Smith,74,7718 Fernandez Club Suite 916,Mollyville,Alabama,46750,-104.586266,-84.789216
Kathy Wu,22,223 Cohen Greens,Schultzview,Iowa,45722,5.513184,-72.2618455
Audrey Berg,77,15729 Craig Corner,North William,North Dakota,83356,108.851980,-1.5679785
Katie Estrada,71,4698 Marcus Green Suite 499,Rachelport,Iowa,72954,-73.407466,-37.2770555
Brianna Cline,25,115 Kevin Lodge Suite 892,Carrland,Maryland,21800,-35.277966,45.302898
Stephanie Cross,47,1948 Donna Wells,Kanefort,Rhode Island,28048,13.934329,57.003002
Amanda Charles,46,143 Abigail Wells,South Veronicafurt,New Mexico,11122,37.570071,-66.403035
Victor Garrison DDS,75,05435 Rosales Port Suite 601,Port Jennifer,South Dakota,30290,-18.464031,-89.3968875
Susan Kim,79,54932 Sherman Knoll Suite 982,East Kelly,Oklahoma,17022,-65.832857,-8.687942
Peter Duran III,18,93213 Jerry Pines,West Rachel,Oklahoma,76037,117.012812,76.0678585
Regina Robinson,61,620 Mason Village,East Kimberly,North Carolina,07661,39.765861,-85.0852535
Deborah Jacobs,60,618 Munoz Inlet Suite 594,Susanberg,Oregon,02097,-129.221298,41.7599315
Kelly Wilson,26,56631 Laura Crossroad,North Benjaminport,New Mexico,94958,159.349279,74.2274195
Hannah Stephens,57,409 Kimberly Meadows Apt. 154,Lake Danielle,Texas,15616,75.529521,81.1975295
Robert Phillips,26,95428 Christopher Lane,West Kathrynshire,New Jersey,74989,110.371733,73.877378
Kelly Chavez,19,2067 Jessica Freeway,Port Allen,Utah,09567,157.430692,88.712831
William Wright,38,6878 Arnold Motorway,Powellberg,New Jersey,09576,-163.114310,-65.2779155
Molly Carter,53,59592 Keith Coves,Burgessberg,Arkansas,12547,-130.408037,66.8751905
Crystal Bentley,29,2316 Sandra Center,Blackwellchester,Utah,89580,29.795176,1.3765685
Tiffany Greene DDS,42,62778 Lindsey Trafficway Apt. 568,Lake Christopherchester,Georgia,64580,-172.583534,-17.982851
Laura Chung,56,92984 Matthew Terrace,Port Jeremy,Kentucky,79744,-155.442112,80.7538865
Eric Smith,22,005 Cook Falls,Cynthiaburgh,Minnesota,65580,70.662356,11.686950
Connor Norris,77,2608 Amanda Lane Suite 017,East Jamesfurt,Arkansas,76665,-27.692933,62.5052705
Kelly Brock,31,2303 Jennings Expressway,Samanthachester,Connecticut,46616,115.109632,-55.038908
Kristopher Wu,40,78016 Elliott Lodge,Weberville,Nevada,30154,-70.327628,-46.8831335
Brittany Johnson,51,6689 Annette Dam,Alexismouth,Vermont,87961,-149.052537,-42.1395635
Andrew Nelson,43,729 Flowers Roads Suite 111,Hernandezstad,Virginia,20843,-137.697974,18.2061215
Daniel Evans,75,7894 Moss River,South Johnhaven,Nebraska,34812,-27.704012,26.618084
Michelle Cooper,51,4441 Lee Club,Port Matthewport,New Jersey,73595,155.959099,-29.5317095
Kimberly Davis,58,898 Davis Plaza Apt. 647,Philipland,Georgia,42617,75.370781,69.0187165
Jacqueline Morrison,80,8682 Cunningham Plaza,Padillaborough,Indiana,53322,-142.808184,87.019446
Alejandro Silva DVM,65,0690 Buckley Oval,Berryhaven,Nebraska,86510,-20.705873,87.349571
Diana Hodges,49,58726 Duane Branch Apt. 237,West John,Washington,72382,87.711734,89.751806
Darlene Odom,28,89321 Benitez Mill Apt. 382,Hornshire,California,04053,-86.300509,-38.440654
Patrick Moore,53,948 Brian Drive Suite 124,Williamtown,Alaska,08261,-41.993679,39.7516375
Diana Mitchell,27,347 Kim Estate,Kimberlyfurt,Mississippi,73141,65.552716,17.666914
Adrienne Potter,20,0912 Andrew Common,North Angela,Mississippi,81194,-58.625881,-59.6705305
Barbara Oneill,21,2547 Reynolds Squares Suite 640,North Michael,Vermont,84940,127.547620,-7.0023855
James Gill,62,003 Gregory Dam Suite 705,Lake Eric,Mississippi,53107,-30.186823,-13.4470265
Wendy Hoover,26,04839 Michelle Mews Suite 086,East Derekborough,Delaware,85072,-147.274950,61.5244055
Bailey Henry,51,29852 Thomas Estates Suite 133,Jameston,South Carolina,57707,35.304742,15.3355755
Thomas Hernandez,24,881 Kimberly Pines,Briggsshire,Florida,07388,-113.757243,-51.2746635
Jason Cox,67,9539 Patton Locks Apt. 447,Amandaberg,Washington,17361,158.102089,-58.755785
Emily Charles,26,0893 William Rapids,Wesleymouth,California,27371,-13.994395,22.7788025
Ryan Medina,18,809 Dawn Ferry Apt. 628,Lindseyfurt,New Hampshire,74814,36.510189,-39.285268
Kevin Cox,74,94607 Woods Spurs Apt. 266,Owensberg,New Hampshire,17912,-75.014109,-57.4233925
Jessica Richmond,47,7822 Hall Place,Fisherview,Hawaii,35967,40.311217,-37.3872675
Daniel Lucas,53,040 Renee Brooks Apt. 710,North Kimberly,Mississippi,84264,-85.159804,18.598855
Jessica Rogers,69,3830 Scott Greens,North Wendy,Oregon,59761,-98.780051,-78.0574995
James Brooks,59,6322 Mark Trail Apt. 429,Port Laurastad,Michigan,21570,-50.975953,-24.0937355
Krystal Schneider,78,6274 Hanson Hill,Evansmouth,Wisconsin,95746,-100.126785,-44.4391235
Scott Carter,18,6730 Catherine Bypass Suite 257,Alisonport,Missouri,97142,132.928233,-65.035135
David Harrison,21,887 Kristin Gateway Apt. 155,North Caitlyn,Louisiana,16558,-85.122222,49.6251455
Sandra Chapman,28,50082 Wong Estate,East Emilyfort,Maine,56303,-136.408548,44.072051
Angel Gonzalez,41,869 Sherry Camp,Glennview,Alaska,58465,49.966903,89.293166
Kyle Sanders,23,50182 Johnson Branch,Wongmouth,Texas,28671,-149.432588,-66.0209075
